photo_ID,class_coverage
1024219297_1.jpg,6.36
1273855712_1.jpg,10.58
1273855712_2.jpg,17.70
1273855712_3.jpg,8.76
1273855736_1.jpg,2.40
1291094995_1.jpg,35.09
1291105271_1.jpg,11.45
1305145619_1.jpg,42.11
1305145619_2.jpg,27.55
1305145619_3.jpg,11.48
1305145619_4.jpg,0.90
1305145619_5.jpg,1.48
1305145712_1.jpg,2.32
1305145712_2.jpg,3.07
1305145712_3.jpg,2.13
1305145712_4.jpg,4.85
1305145750_1.jpg,10.43
1305145750_2.jpg,1.42
1305145750_3.jpg,3.15
1305145750_4.jpg,2.44
1305145750_5.jpg,8.69
1453525831_1.jpg,21.62
1562948321_1.jpg,1.75
1562948422_1.jpg,0.50
1838333413_1.jpg,0.39
1841222086_1.jpg,5.06
1841222086_2.jpg,2.24
1841222086_3.jpg,0.00
1841222284_1.jpg,4.99
1841222284_2.jpg,7.39
1847509866_1.jpg,30.90
1883514716_1.jpg,8.26
1913675512_1.jpg,7.23
1913675512_2.jpg,9.65
1914344688_1.jpg,4.91
1914350345_1.jpg,10.59
1920828637_1.jpg,5.72
1944415979_1.jpg,6.30
2236258449_1.jpg,19.39
2242876293_1.jpg,46.46
2242876293_2.jpg,29.17
2242876293_3.jpg,16.26
2265841504_1.jpg,33.60
2294556564_1.jpg,3.67
2294623070_1.jpg,28.00
2294623070_2.jpg,26.35
2311351179_1.jpg,4.35
2311351179_2.jpg,4.96
2311351179_3.jpg,8.64
2331856825_1.jpg,4.65
2331856825_2.jpg,18.44
2331915344_1.jpg,7.28
2366117516_1.jpg,5.71
2423170381_1.jpg,3.53
2429533552_1.jpg,10.72
2540877950_1.jpg,3.04
2596186097_1.jpg,9.05
2596345329_1.jpg,30.49
2596414004_1.jpg,9.37
2626232098_1.jpg,17.36
2626232098_2.jpg,9.18
2626232098_3.jpg,4.73
2634225844_1.jpg,15.39
2802651884_1.jpg,4.00
2803128081_1.jpg,0.15
2803128081_2.jpg,3.89
2803141586_1.jpg,1.51
2813931993_1.jpg,1.68
2814207285_1.jpg,26.11
2814443594_1.jpg,0.28
2814451974_1.jpg,11.79
2814451974_2.jpg,2.94
2826388751_1.jpg,4.71
2826388751_2.jpg,2.60
2826388751_3.jpg,3.25
2832244388_1.jpg,22.30
2832244388_2.jpg,8.41
2832297733_1.jpg,14.54
2832297733_2.jpg,19.48
2832297733_3.jpg,8.09
2832638250_1.jpg,11.21
2832638250_2.jpg,0.04
2832771397_1.jpg,14.85
2833006422_1.jpg,6.08
2833408887_1.jpg,7.79
2833408887_2.jpg,5.81
2833524631_1.jpg,5.89
2833524631_2.jpg,21.16
2833524631_3.jpg,14.32
2833524631_4.jpg,6.86
2833524631_5.jpg,21.40
2833678504_1.jpg,47.28
2833678504_2.jpg,14.85
2833678504_3.jpg,11.20
2834004674_1.jpg,20.55
2834024011_1.jpg,3.85
2834287499_1.jpg,4.31
2834287499_2.jpg,14.76
2834287499_3.jpg,17.63
2834396240_1.jpg,3.86
2834396240_2.jpg,17.56
2834396240_3.jpg,18.78
2835481418_1.jpg,23.54
2835575781_1.jpg,28.59
2835954585_1.jpg,4.38
2836142680_1.jpg,9.85
2836488013_1.jpg,26.36
2836698957_1.jpg,17.99
2837530780_1.jpg,21.54
2838003582_1.jpg,18.94
2838003582_2.jpg,9.78
2838003582_3.jpg,14.97
2838360225_1.jpg,10.25
2838360225_2.jpg,7.65
2838410839_1.jpg,19.29
2838590780_1.jpg,13.80
2838590780_2.jpg,42.11
2838708573_1.jpg,14.26
2838708573_2.jpg,14.54
2838708573_3.jpg,15.88
2838720486_1.jpg,5.40
2838990528_1.jpg,3.58
2838990528_2.jpg,13.81
2839018597_1.jpg,17.01
2839444181_1.jpg,41.94
2839578149_1.jpg,10.73
2839977756_1.jpg,10.48
2840030899_1.jpg,31.60
2840030899_2.jpg,43.54
2840076011_1.jpg,11.86
2840273568_1.jpg,15.67
2840273568_2.jpg,3.46
2840273568_3.jpg,21.86
2840293658_1.jpg,13.37
2841444526_1.jpg,2.92
2841934220_1.jpg,3.04
2841934220_2.jpg,11.96
2841934220_3.jpg,2.52
2842202957_1.jpg,17.84
2843102479_1.jpg,11.06
2843416624_1.jpg,3.40
2843416624_2.jpg,13.29
2843416624_3.jpg,21.49
2843416624_4.jpg,4.21
2843416624_5.jpg,21.59
2843755663_1.jpg,0.89
2843773558_1.jpg,3.86
2843773558_2.jpg,24.84
2844668949_1.jpg,2.02
2845040397_1.jpg,5.10
2845040397_2.jpg,16.43
2850803450_1.jpg,0.26
2851107170_1.jpg,0.12
2851107170_2.jpg,0.10
2851107170_3.jpg,0.07
2856844481_1.jpg,2.11
2856861475_1.jpg,32.61
2860061539_1.jpg,1.72
2862371844_1.jpg,12.55
2862374888_1.jpg,12.06
2862374888_2.jpg,9.96
2862489856_1.jpg,14.13
2862644347_1.jpg,2.79
2883042165_1.jpg,26.30
2883042165_2.jpg,5.80
2883042165_3.jpg,1.18
2883146572_1.jpg,2.57
2988602000_1.jpg,12.93
2988602000_2.jpg,1.29
2988641597_1.jpg,4.52
2988641597_2.jpg,1.93
2999069096_1.jpg,2.41
2999077922_1.jpg,4.12
3005105101_1.jpg,0.35
3005147582_1.jpg,3.45
3005157102_1.jpg,9.33
3005157102_2.jpg,6.52
3005184041_1.jpg,10.52
3005220057_1.jpg,7.86
3008384698_1.jpg,4.77
3032010935_1.jpg,40.05
3032010935_2.jpg,49.61
3044851285_1.jpg,13.94
3068100612_1.jpg,0.24
3070536884_1.jpg,8.86
3070536884_2.jpg,33.98
3079623517_1.jpg,0.47
3079623517_2.jpg,1.00
3079623517_3.jpg,1.37
3079623517_4.jpg,2.12
3079623517_5.jpg,0.84
3079623517_6.jpg,1.82
3090706643_1.jpg,4.70
3090706643_2.jpg,0.47
3090977905_1.jpg,1.87
3097169034_1.jpg,27.18
3112453337_1.jpg,7.58
3112649315_1.jpg,4.47
3112874793_1.jpg,0.05
3112874793_2.jpg,7.73
3113375708_1.jpg,12.09
3113375708_2.jpg,8.53
3113375708_3.jpg,3.86
3124507660_1.jpg,6.56
3124703533_1.jpg,12.57
3124751433_1.jpg,6.51
3302438199_1.jpg,1.05
3302438199_2.jpg,10.92
3307218149_1.jpg,38.61
3307218149_2.jpg,41.86
3307218149_3.jpg,19.21
3325557966_1.jpg,4.91
3327981655_1.jpg,4.29
3333438570_1.jpg,13.01
3337924498_1.jpg,11.13
3355132670_1.jpg,7.59
3355784665_1.jpg,34.25
3384535795_1.jpg,2.95
3399430425_1.jpg,8.77
3399483528_1.jpg,5.54
3408014420_1.jpg,17.33
3415388117_1.jpg,7.34
3415504583_1.jpg,12.39
3415735295_1.jpg,20.27
3415735295_2.jpg,9.42
3415735295_3.jpg,7.73
3418862249_1.jpg,1.13
3455608008_1.jpg,11.35
3455608008_2.jpg,27.54
3455786439_1.jpg,6.62
3456008879_1.jpg,12.17
3705681526_1.jpg,11.79
3705715498_1.jpg,2.70
3705740505_1.jpg,2.83
3705740505_2.jpg,4.71
3718504225_1.jpg,1.76
3718752198_1.jpg,29.99
3723184074_1.jpg,5.20
3723184074_2.jpg,4.87
3728755145_1.jpg,9.41
3728755145_2.jpg,4.61
3728755145_3.jpg,9.24
3759707557_1.jpg,28.11
3759707557_2.jpg,17.92
3759707557_3.jpg,29.49
3773110530_1.jpg,33.17
3773110530_2.jpg,29.43
3773110530_3.jpg,62.04
3773110530_4.jpg,14.83
3773110530_5.jpg,28.71
3773413073_1.jpg,42.00
3773413073_2.jpg,6.57
3773413073_3.jpg,14.59
3773413073_4.jpg,36.81
3773413073_5.jpg,55.74
3773413073_6.jpg,20.70
3773697646_1.jpg,3.43
3802738748_1.jpg,0.78
3822191791_1.jpg,0.07
3822459736_1.jpg,11.39
3822459736_2.jpg,10.20
3822459736_3.jpg,6.60
3822489617_1.jpg,5.39
3823023012_1.jpg,11.33
3823023012_2.jpg,12.84
3825245697_1.jpg,3.11
3825352913_1.jpg,7.19
3825372705_1.jpg,3.10
3825430437_1.jpg,22.39
3825430437_2.jpg,4.28
3826818537_1.jpg,12.01
3826818537_2.jpg,21.12
3826818537_3.jpg,11.09
3826992990_1.jpg,2.67
3826992990_2.jpg,1.73
3826992990_3.jpg,2.36
3827257634_1.jpg,17.03
3827281337_1.jpg,16.57
3858477973_1.jpg,13.89
3858756714_1.jpg,1.90
3860606956_1.jpg,24.01
3860608983_1.jpg,17.34
3873331215_1.jpg,6.55
3873331215_2.jpg,9.55
3873331215_3.jpg,8.36
3873331215_4.jpg,6.21
3873331215_5.jpg,12.38
3873557967_1.jpg,2.48
3873784731_1.jpg,4.70
3873784731_2.jpg,7.47
3873821377_1.jpg,15.89
3873914516_1.jpg,4.66
3881605006_1.jpg,10.73
3902358263_1.jpg,0.60
3902358263_2.jpg,1.27
3902358263_3.jpg,1.01
3902358263_4.jpg,1.25
3903036270_1.jpg,6.87
3903058908_1.jpg,3.32
3903386042_1.jpg,18.43
3903461568_1.jpg,6.41
3903619386_1.jpg,7.34
3903619386_2.jpg,4.46
3903908802_1.jpg,2.26
3903909605_1.jpg,7.29
3903980712_1.jpg,0.88
3903980712_2.jpg,4.10
3903980712_3.jpg,2.41
3903980712_4.jpg,7.05
3904022758_1.jpg,2.42
3904180667_1.jpg,1.28
3904180667_2.jpg,3.48
3904180667_3.jpg,4.56
3904343170_1.jpg,15.96
3904579342_1.jpg,32.93
3904579342_2.jpg,14.44
3904961483_1.jpg,19.10
3904961483_2.jpg,12.54
3905048588_1.jpg,8.30
3905048588_2.jpg,8.77
3905146885_1.jpg,1.23
3905146885_2.jpg,5.50
3905540102_1.jpg,9.51
3905540102_2.jpg,1.50
3905680740_1.jpg,7.04
3905753760_1.jpg,7.35
3905781232_1.jpg,3.28
3906011798_1.jpg,4.24
3906011798_2.jpg,35.24
3906011798_3.jpg,34.95
3906169902_1.jpg,16.79
3906620001_1.jpg,2.97
3906620001_2.jpg,5.01
3906620001_3.jpg,8.94
3906802723_1.jpg,27.92
3906802723_2.jpg,22.23
3906802723_3.jpg,18.82
3915493024_1.jpg,7.66
3915611154_1.jpg,5.65
3915611154_2.jpg,7.32
3923264222_1.jpg,5.67
3923264222_2.jpg,12.32
3923592079_1.jpg,20.41
3923592079_2.jpg,20.97
3923592079_3.jpg,27.40
3923592079_4.jpg,1.26
3923652276_1.jpg,9.57
3925068492_1.jpg,2.76
3925261578_1.jpg,4.58
3925261578_2.jpg,4.01
3925474690_1.jpg,1.96
3925474690_2.jpg,2.03
3925474690_3.jpg,2.80
3925474690_4.jpg,3.65
3947138318_1.jpg,7.27
3947138318_2.jpg,7.77
3947138318_3.jpg,5.88
3947601703_1.jpg,5.60
3947601703_2.jpg,8.50
3961211912_1.jpg,2.91
3961211912_2.jpg,1.83
3961211912_3.jpg,0.55
3961455914_1.jpg,5.44
3963399901_1.jpg,15.68
3963460776_1.jpg,3.13
3963460776_2.jpg,5.45
3986382390_1.jpg,3.80
3994140653_1.jpg,6.26
3995412756_1.jpg,14.09
3995518777_1.jpg,13.15
3995518777_2.jpg,14.36
3995518927_1.jpg,2.59
3995518927_2.jpg,1.30
3995653261_1.jpg,20.85
3995653261_2.jpg,18.18
3995653261_3.jpg,47.79
3995653261_4.jpg,23.57
3995938661_1.jpg,6.44
3995960817_1.jpg,0.43
3995960817_2.jpg,2.49
3995960817_3.jpg,3.57
3995960817_4.jpg,4.50
3995960817_5.jpg,0.41
3996000357_1.jpg,2.98
3996198984_1.jpg,1.02
3996662996_1.jpg,7.00
3996701858_1.jpg,5.43
3996939330_1.jpg,4.98
3996939330_2.jpg,16.35
3996958968_1.jpg,22.78
3996958968_2.jpg,26.01
3996958968_3.jpg,48.33
3996958968_4.jpg,46.01
3997170389_1.jpg,25.30
3997170389_2.jpg,24.33
3997170389_3.jpg,36.27
3997170389_4.jpg,31.92
3997342840_1.jpg,15.17
3997378664_1.jpg,7.90
3997378664_2.jpg,3.74
3997378664_3.jpg,1.01
3997378664_4.jpg,7.67
4006554006_1.jpg,10.31
4006628308_1.jpg,2.32
4018343432_1.jpg,39.06
4018414466_1.jpg,15.88
4018506424_1.jpg,35.23
4018645448_1.jpg,22.40
4018647469_1.jpg,16.03
4029170772_1.jpg,11.34
4034630571_1.jpg,19.71
4054908746_1.jpg,0.00
4056054414_1.jpg,20.96
4056054414_2.jpg,17.99
4056266261_1.jpg,6.52
4056396637_1.jpg,4.98
4056438662_1.jpg,13.51
4056675737_1.jpg,9.60
4056675737_2.jpg,4.91
4056675737_3.jpg,9.39
4058098494_1.jpg,25.19
4058098494_2.jpg,28.28
4058174390_1.jpg,20.08
4067519408_1.jpg,3.71
4067724425_1.jpg,2.95
4080659089_1.jpg,4.07
4080659089_2.jpg,4.56
4080659089_3.jpg,4.35
4096659434_1.jpg,6.14
4096791861_1.jpg,1.48
4102773285_1.jpg,4.95
4102807855_1.jpg,5.34
4102807855_2.jpg,1.88
4102807855_3.jpg,1.54
4102807855_4.jpg,0.85
4102807855_5.jpg,1.23
4102807855_6.jpg,1.05
4103304983_1.jpg,14.43
4103304983_2.jpg,9.97
4103314201_1.jpg,6.13
4111899997_1.jpg,1.73
4116247787_1.jpg,0.66
4116307953_1.jpg,1.86
4116508679_1.jpg,1.21
4121032182_1.jpg,15.28
4121032182_2.jpg,15.28
4121032182_3.jpg,4.37
4121032182_4.jpg,4.30
4121032182_5.jpg,16.00
4121131826_1.jpg,0.51
4121131826_2.jpg,0.51
4121131826_3.jpg,0.38
4121131826_4.jpg,0.19
4121131826_5.jpg,0.19
4121481795_1.jpg,8.58
4126997634_1.jpg,27.28
4127070176_1.jpg,32.50
4127305536_1.jpg,14.20
4127402527_1.jpg,3.98
4129720725_1.jpg,7.44
4129962816_1.jpg,22.22
4130043636_1.jpg,7.47
4130043636_2.jpg,1.16
4130043636_3.jpg,0.84
4130105462_1.jpg,2.76
4130139600_1.jpg,10.34
4130139600_2.jpg,3.17
4130139600_3.jpg,3.15
4134056124_1.jpg,1.36
4134181591_1.jpg,9.36
4138195070_1.jpg,8.82
4138510114_1.jpg,43.10
4138598437_1.jpg,6.11
4138738448_1.jpg,37.62
4138738448_2.jpg,7.44
4145181962_1.jpg,6.20
4145181962_2.jpg,7.28
4145207731_1.jpg,2.16
4145237834_1.jpg,0.10
4145237834_2.jpg,3.35
4145237834_3.jpg,1.76
4145582236_1.jpg,4.08
4153530777_1.jpg,30.26
4156181632_1.jpg,1.36
4156181632_2.jpg,13.69
4156237237_1.jpg,15.61
4156237237_2.jpg,22.10
4156495100_1.jpg,50.75
4156552682_1.jpg,34.33
4157152050_1.jpg,3.66
4157413454_1.jpg,9.49
4157413454_2.jpg,12.53
4157420758_1.jpg,12.03
4157420758_2.jpg,5.58
4157464536_1.jpg,0.52
4158038600_1.jpg,2.54
4159383492_1.jpg,22.15
4159759896_1.jpg,3.83
4160068799_1.jpg,2.18
4162136156_1.jpg,0.39
4162136156_2.jpg,3.97
4162136156_3.jpg,2.20
4162136156_4.jpg,3.34
4162136156_5.jpg,3.41
4165612939_1.jpg,0.00
4165722700_1.jpg,1.86
4165722700_2.jpg,2.19
4165888938_1.jpg,0.39
4165958683_1.jpg,26.94
4165971560_1.jpg,20.07
4172108920_1.jpg,1.51
4172108920_2.jpg,0.53
4172108920_3.jpg,1.45
4177268133_1.jpg,1.80
4177394159_1.jpg,1.01
4399908433_1.jpg,0.30
4399908433_2.jpg,0.81
4399908433_3.jpg,0.96
4400156035_1.jpg,21.27
4400156035_2.jpg,9.27
4405409978_1.jpg,14.64
4407080623_1.jpg,4.55
4407080623_2.jpg,4.64
4407080623_3.jpg,4.03
4407397545_1.jpg,14.42
4407397545_2.jpg,38.50
4407397545_3.jpg,15.52
4407404892_1.jpg,10.14
4407539784_1.jpg,6.76
4407539784_2.jpg,8.05
4408587033_1.jpg,9.34
4409181011_1.jpg,3.88
4409586037_1.jpg,6.31
4413517702_1.jpg,0.52
4413578082_1.jpg,1.41
4413578082_2.jpg,1.03
4413958567_1.jpg,3.17
4416723093_1.jpg,2.34
4416942725_1.jpg,12.46
4416942725_2.jpg,15.20
4416942725_3.jpg,15.22
4416956324_1.jpg,17.28
4420898286_1.jpg,9.41
4420898286_2.jpg,3.99
4420898286_3.jpg,6.11
4420931908_1.jpg,4.38
4421029190_1.jpg,10.36
4421029190_2.jpg,8.98
4421029190_3.jpg,0.66
4421029190_4.jpg,6.16
4421029190_5.jpg,7.32
4421029190_6.jpg,4.60
4424379536_1.jpg,4.79
4424379536_2.jpg,1.79
4424412293_1.jpg,9.57
4424412293_2.jpg,32.95
4424445126_1.jpg,10.93
4424445126_2.jpg,9.98
4424445126_3.jpg,12.77
4424445126_4.jpg,2.59
4424492598_1.jpg,0.03
4424492598_2.jpg,0.00
4424492598_3.jpg,0.70
4424492598_4.jpg,0.39
4424568237_1.jpg,5.64
4430673084_1.jpg,7.25
4430676776_1.jpg,4.04
4430676776_2.jpg,0.96
4430702136_1.jpg,0.84
4430702136_2.jpg,2.78
4430774302_1.jpg,8.50
4431003690_1.jpg,8.67
4431169974_1.jpg,2.40
4440911350_1.jpg,3.33
4458406227_1.jpg,31.13
4458421651_1.jpg,10.21
4458454559_1.jpg,10.68
4458471604_1.jpg,3.56
4458473607_1.jpg,4.70
4459331251_1.jpg,4.99
4459420154_1.jpg,5.72
4459584477_1.jpg,1.26
4459584477_2.jpg,12.41
4460125390_1.jpg,9.96
4460125390_2.jpg,9.11
4460270976_1.jpg,9.47
4460270976_2.jpg,5.12
4460311989_1.jpg,14.14
4460311989_2.jpg,13.51
4460311989_3.jpg,12.09
4460311989_4.jpg,6.46
4460397197_1.jpg,23.70
4460519179_1.jpg,9.13
4460519179_2.jpg,18.97
4460560556_1.jpg,1.74
4460560556_2.jpg,2.01
4460560556_3.jpg,1.63
4460579117_1.jpg,1.55
4460589351_1.jpg,5.26
4460589929_1.jpg,15.98
4460589929_2.jpg,15.39
4460589929_3.jpg,7.71
4460589929_4.jpg,13.25
4460589929_5.jpg,6.72
4460603128_1.jpg,2.53
4460712614_1.jpg,3.71
4460712614_2.jpg,13.87
4460771467_1.jpg,5.65
4460919199_1.jpg,17.46
4461107627_1.jpg,12.67
4461373308_1.jpg,17.72
4461373308_2.jpg,17.72
4461468018_1.jpg,6.32
4461478642_1.jpg,21.81
4461478642_2.jpg,4.60
4461589234_1.jpg,14.01
4461589234_2.jpg,7.88
4462491649_1.jpg,0.93
4506264687_1.jpg,1.99
4506264743_1.jpg,4.51
4506273024_1.jpg,1.67
4506297656_1.jpg,5.66
4516253120_1.jpg,6.63
4516680906_1.jpg,12.72
4516733615_1.jpg,5.80
4516845722_1.jpg,7.49
4516890123_1.jpg,4.45
4524900872_1.jpg,0.63
4524900872_2.jpg,0.05
4524929073_1.jpg,24.92
4524929073_2.jpg,3.36
4524929073_3.jpg,10.26
4524932053_1.jpg,0.00
4524932053_2.jpg,1.85
4524948939_1.jpg,7.43
4524948939_2.jpg,2.95
4524948939_3.jpg,4.22
4524948939_4.jpg,10.36
4524948939_5.jpg,29.67
4524948939_6.jpg,19.79
4524948939_7.jpg,5.44
4524997906_1.jpg,7.13
4524997906_2.jpg,7.01
4524997906_3.jpg,4.90
4524997906_4.jpg,9.66
4524997906_5.jpg,20.50
4525011910_1.jpg,0.01
4525123281_1.jpg,5.78
4525123743_1.jpg,17.36
4525178356_1.jpg,7.44
4535909415_1.jpg,5.55
4596868998_1.jpg,0.01
4597373149_1.jpg,3.69
4597373149_2.jpg,2.70
4597373149_3.jpg,4.59
4597373149_4.jpg,3.58
4597573215_1.jpg,11.30
4599770647_1.jpg,7.07
4599978624_1.jpg,0.58
4600077836_1.jpg,1.33
4600165830_1.jpg,1.33
4606708469_1.jpg,10.62
4606891389_1.jpg,3.24
4606891389_2.jpg,3.10
4606891389_3.jpg,2.69
4847186578_1.jpg,3.10
4847206523_1.jpg,15.31
4852108450_1.jpg,4.00
4852108450_2.jpg,0.03
4852176170_1.jpg,6.23
4852176170_2.jpg,2.49
4852250214_1.jpg,2.63
4852496476_1.jpg,9.31
4852554083_1.jpg,1.62
4852554083_2.jpg,8.73
4852554083_3.jpg,0.86
4852566881_1.jpg,0.90
4852683441_1.jpg,6.26
4852683443_1.jpg,12.49
4852748446_1.jpg,4.37
4852748446_2.jpg,2.54
4854949921_1.jpg,4.09
4855069078_1.jpg,5.37
4855119501_1.jpg,5.85
4855211739_1.jpg,24.87
4855211739_2.jpg,13.06
4855211739_3.jpg,28.02
4855211739_4.jpg,7.94
4855266821_1.jpg,12.84
4855513471_1.jpg,2.99
4863414147_1.jpg,0.00
4863450976_1.jpg,5.44
4863515867_1.jpg,0.85
4863515867_2.jpg,9.02
4863596184_1.jpg,5.68
4863689059_1.jpg,3.86
4867717019_1.jpg,2.07
4867717019_2.jpg,1.29
4867717019_3.jpg,0.20
4867717019_4.jpg,0.17
4867948128_1.jpg,5.22
4868043545_1.jpg,5.12
4868050877_1.jpg,0.32
4868050877_2.jpg,0.12
4872075855_1.jpg,7.77
4872075855_2.jpg,0.72
4872075855_3.jpg,7.29
4872103201_1.jpg,9.83
4872103201_2.jpg,8.16
4872103201_3.jpg,5.98
4872120646_1.jpg,30.30
4872120646_10.jpg,30.84
4872120646_11.jpg,28.01
4872120646_12.jpg,17.59
4872120646_13.jpg,19.83
4872120646_14.jpg,24.87
4872120646_15.jpg,5.91
4872120646_16.jpg,11.88
4872120646_17.jpg,2.44
4872120646_18.jpg,23.71
4872120646_19.jpg,25.84
4872120646_2.jpg,25.61
4872120646_20.jpg,21.37
4872120646_3.jpg,27.97
4872120646_4.jpg,16.02
4872120646_5.jpg,21.48
4872120646_6.jpg,16.32
4872120646_7.jpg,10.16
4872120646_8.jpg,27.71
4872120646_9.jpg,25.70
4872138516_1.jpg,2.15
4872138516_2.jpg,1.79
4872138516_3.jpg,1.07
4872138516_4.jpg,4.46
4872138516_5.jpg,1.95
4872198892_1.jpg,32.56
4872247586_1.jpg,1.68
4872247586_2.jpg,1.44
4872332141_1.jpg,10.68
4872332240_1.jpg,11.96
4872332240_10.jpg,7.40
4872332240_11.jpg,7.73
4872332240_12.jpg,13.89
4872332240_13.jpg,4.43
4872332240_14.jpg,5.84
4872332240_15.jpg,10.28
4872332240_2.jpg,14.81
4872332240_3.jpg,12.79
4872332240_4.jpg,11.02
4872332240_5.jpg,7.11
4872332240_6.jpg,12.68
4872332240_7.jpg,5.62
4872332240_8.jpg,7.27
4872332240_9.jpg,8.60
4872367371_1.jpg,3.95
4872367371_2.jpg,4.62
4872423941_1.jpg,9.31
4872423941_2.jpg,5.25
4872423941_3.jpg,5.34
4872423941_4.jpg,5.86
4872423941_5.jpg,0.00
4872423941_6.jpg,2.76
4872423941_7.jpg,2.36
4872423941_8.jpg,2.50
4872564052_1.jpg,67.68
4875021848_1.jpg,6.27
4875094755_1.jpg,10.51
4875126677_1.jpg,63.76
4875126677_2.jpg,35.44
4875126677_3.jpg,28.62
4875241004_1.jpg,20.12
4875319417_1.jpg,27.10
4875416014_1.jpg,2.94
4880856637_1.jpg,15.53
4880857075_1.jpg,2.58
4880857075_2.jpg,0.18
4881092148_1.jpg,26.99
4881223356_1.jpg,19.21
4881388731_1.jpg,29.81
4881388731_2.jpg,19.46
4881512097_1.jpg,32.99
4881512097_2.jpg,42.16
4881628500_1.jpg,14.90
4881628500_2.jpg,20.11
4881661855_1.jpg,1.26
4881833866_1.jpg,10.25
4881916945_1.jpg,11.84
4882220112_1.jpg,10.10
4882315279_1.jpg,16.55
4883662978_1.jpg,29.27
4884245229_1.jpg,6.43
4884643869_1.jpg,11.33
4885201318_1.jpg,21.33
4885302879_1.jpg,2.44
4886594565_1.jpg,9.63
4886732633_1.jpg,1.75
4886919586_1.jpg,3.19
4886919586_2.jpg,32.90
4886919586_3.jpg,8.45
4886919586_4.jpg,23.74
4886919586_5.jpg,9.96
4886951069_1.jpg,2.67
4887429596_1.jpg,2.85
4887822305_1.jpg,2.38
4887902287_1.jpg,38.99
4888141363_1.jpg,5.48
4888142623_1.jpg,10.26
4888684856_1.jpg,7.53
4888962037_1.jpg,1.66
4888962037_2.jpg,0.70
4888962037_3.jpg,2.63
4888962037_4.jpg,4.23
4889194827_1.jpg,5.62
4889194827_2.jpg,0.93
4889219099_1.jpg,9.77
4889219099_2.jpg,5.89
4889230092_1.jpg,2.48
4889230092_2.jpg,16.86
4889230092_3.jpg,15.93
4889489021_1.jpg,5.39
4889489021_2.jpg,10.63
4889930075_1.jpg,4.87
4891662976_1.jpg,0.00
4891781100_1.jpg,1.61
4891781100_2.jpg,1.82
4891953350_1.jpg,30.97
4891953350_2.jpg,18.28
4891983605_1.jpg,11.85
4892130531_1.jpg,1.68
4892130531_2.jpg,2.16
4892236775_1.jpg,1.79
4900951928_1.jpg,2.14
4900951928_2.jpg,1.02
4901088109_1.jpg,3.02
4901287728_1.jpg,16.22
4901365571_1.jpg,0.36
4901374931_1.jpg,0.38
4901507859_1.jpg,1.97
4901569538_1.jpg,8.70
4901569538_2.jpg,12.23
4901569538_3.jpg,11.30
4901569538_4.jpg,5.25
4901569538_5.jpg,1.70
4901574901_1.jpg,2.60
4901574901_2.jpg,2.79
4901598964_1.jpg,8.99
4901749055_1.jpg,4.57
4902062814_1.jpg,8.05
4904010060_1.jpg,25.38
4904216159_1.jpg,14.68
4907982596_1.jpg,25.53
4908581559_1.jpg,4.39
4908736618_1.jpg,15.67
4908775518_1.jpg,13.97
4908775518_2.jpg,9.25
4908829922_1.jpg,2.05
4908829922_2.jpg,1.67
4909342596_1.jpg,2.00
4909342596_2.jpg,2.31
4910725007_1.jpg,2.38
4910727666_1.jpg,0.93
4910798320_1.jpg,38.13
4910852089_1.jpg,5.29
4910890311_1.jpg,9.70
4910910936_1.jpg,2.45
4910939480_1.jpg,16.83
4910939480_2.jpg,17.37
4910939480_3.jpg,31.09
4911004706_1.jpg,19.76
4911073442_1.jpg,3.31
4911129716_1.jpg,1.77
4911143927_1.jpg,39.06
4919130720_1.jpg,1.62
4919212339_1.jpg,21.39
4919212339_2.jpg,21.70
4919383096_1.jpg,34.50
4919383096_2.jpg,26.86
4919383096_3.jpg,29.86
4919383096_4.jpg,1.85
4919726494_1.jpg,1.15
4921533795_1.jpg,7.14
4921533795_2.jpg,2.94
4921533795_3.jpg,2.40
4921535533_1.jpg,7.34
4921535533_2.jpg,3.99
4921535533_3.jpg,2.18
4921570398_1.jpg,0.83
4921740504_1.jpg,2.54
4921740504_2.jpg,3.42
4921742071_1.jpg,5.16
4921819518_1.jpg,4.99
4923659518_1.jpg,1.03
4923659518_2.jpg,0.54
4923717476_1.jpg,10.70
4923717476_2.jpg,9.61
4923744585_1.jpg,26.26
4923744585_2.jpg,24.64
4923822712_1.jpg,3.45
4924018948_1.jpg,10.61
4924018948_2.jpg,22.66
4924034936_1.jpg,15.93
4924047070_1.jpg,3.11
4924047070_2.jpg,0.88
4924075953_1.jpg,8.15
4924075953_2.jpg,28.33
4924075953_3.jpg,28.14
4924075953_4.jpg,31.25
4926051708_1.jpg,21.21
4926103654_1.jpg,13.90
4926117008_1.jpg,14.29
4926135872_1.jpg,1.33
4926202831_1.jpg,6.96
4930654982_1.jpg,4.88
4930654982_2.jpg,2.01
4930713069_1.jpg,6.75
4930713069_2.jpg,8.58
4930713069_3.jpg,19.64
4930807026_1.jpg,24.37
4930858134_1.jpg,4.96
4931005309_1.jpg,33.45
4931902769_1.jpg,4.46
4932137899_1.jpg,0.38
4932312900_1.jpg,4.84
4932482575_1.jpg,6.42
4932482575_2.jpg,7.21
4933717849_1.jpg,0.79
4933886815_1.jpg,32.62
4933886815_2.jpg,15.15
4933924436_1.jpg,1.74
4933996725_1.jpg,25.16
4934115016_1.jpg,12.37
4934115016_2.jpg,4.10
4934390572_1.jpg,1.95
4934402644_1.jpg,15.08
4934612244_1.jpg,8.37
4934612244_2.jpg,4.97
4934612244_3.jpg,8.37
4934887656_1.jpg,18.83
4935148541_1.jpg,4.04
4935148541_2.jpg,7.34
4935148541_3.jpg,6.48
4935148541_4.jpg,3.50
4935148541_5.jpg,18.63
4935394469_1.jpg,9.09
4935503566_1.jpg,7.71
4935961066_1.jpg,1.89
4936654252_1.jpg,12.58
4936732991_1.jpg,5.26
4936768458_1.jpg,1.49
4936857657_1.jpg,2.84
4937146836_1.jpg,4.63
4937206229_1.jpg,15.56
4937250321_1.jpg,6.86
4945736563_1.jpg,7.10
4945966158_1.jpg,1.35
4946202526_1.jpg,12.69
4946253129_1.jpg,7.81
4946583884_1.jpg,15.46
4946714667_1.jpg,19.13
4946714667_2.jpg,36.59
4949956454_1.jpg,6.37
4950005241_1.jpg,19.47
4950042938_1.jpg,13.10
4950105597_1.jpg,5.98
4950228631_1.jpg,3.09
4950228631_2.jpg,2.72
4950356205_1.jpg,26.55
4950356205_2.jpg,1.68
4950356205_3.jpg,34.12
4952195710_1.jpg,3.63
4952195710_2.jpg,3.91
4952195710_3.jpg,2.39
4952712408_1.jpg,0.10
4952712408_2.jpg,0.00
4952712408_3.jpg,0.00
4953061212_1.jpg,0.03
4953061212_2.jpg,0.11
4953061212_3.jpg,0.00
4953061212_4.jpg,0.06
4954258094_1.jpg,1.44
4954258094_2.jpg,0.91
4954258094_3.jpg,1.64
4954258094_4.jpg,1.04
4954258094_5.jpg,1.28
4954258094_6.jpg,0.63
4954265234_1.jpg,7.16
4954265234_2.jpg,2.24
4954332485_1.jpg,9.21
4954368218_1.jpg,10.96
4954368218_2.jpg,18.26
4954368218_3.jpg,28.42
4954368218_4.jpg,23.65
4956053959_1.jpg,13.71
4956083618_1.jpg,5.74
4956455967_1.jpg,10.20
4956492340_1.jpg,10.85
4956492340_2.jpg,36.38
4956580011_1.jpg,22.75
4956676252_1.jpg,1.67
4956676252_2.jpg,2.81
4956874845_1.jpg,6.50
4956889504_1.jpg,13.58
4956898469_1.jpg,20.95
4957189543_1.jpg,15.31
4957318822_1.jpg,3.10
4957362176_1.jpg,14.31
4957466563_1.jpg,7.27
4957511060_1.jpg,8.63
4957696194_1.jpg,4.28
4957699809_1.jpg,49.70
4957762936_1.jpg,4.96
4973813804_1.jpg,6.67
4973859492_1.jpg,4.81
4974031663_1.jpg,39.84
4974110145_1.jpg,12.59
4974173021_1.jpg,6.09
4976411509_1.jpg,6.26
4978215162_1.jpg,6.52
4978335791_1.jpg,11.58
4978335791_2.jpg,4.45
4978601493_1.jpg,4.50
4982087764_1.jpg,1.77
4985439634_1.jpg,2.35
4985973568_1.jpg,10.54
4985979095_1.jpg,15.31
4986118225_1.jpg,24.93
4986120591_1.jpg,4.35
4986191741_1.jpg,0.09
4986497087_1.jpg,1.77
4986537048_1.jpg,4.12
4986544971_1.jpg,4.56
4986684575_1.jpg,7.95
4995576946_1.jpg,21.78
4995593871_1.jpg,13.93
4995593871_2.jpg,6.94
4995593871_3.jpg,2.94
4995618738_1.jpg,16.95
4995676696_1.jpg,5.29
5005183157_1.jpg,19.25
5006824207_1.jpg,8.92
5006824207_2.jpg,15.52
5007751877_1.jpg,4.95
5007751877_2.jpg,5.16
5007751877_3.jpg,0.88
5007751877_4.jpg,5.86
5007751877_5.jpg,6.38
5007751877_6.jpg,3.91
5007751877_7.jpg,9.29
5007996731_1.jpg,20.61
5007996731_2.jpg,2.37
5007996731_3.jpg,3.10
5008258085_1.jpg,14.39
5016495283_1.jpg,14.49
5016495283_2.jpg,7.50
5016556400_1.jpg,14.30
5016929681_1.jpg,3.42
5018281699_1.jpg,18.84
5018281699_2.jpg,5.43
5020081131_1.jpg,27.63
5021171679_1.jpg,1.67
5026258552_1.jpg,4.08
5028539267_1.jpg,2.99
5061605535_1.jpg,24.04
5061605535_2.jpg,12.19
5062523032_1.jpg,23.99
5062560123_1.jpg,24.70
5063948675_1.jpg,7.73
5063954572_1.jpg,4.43
5064005850_1.jpg,2.11
5069833284_1.jpg,4.50
5069911288_1.jpg,2.77
5087176113_1.jpg,44.90
5087382775_1.jpg,33.39
5087402357_1.jpg,5.28
5087482017_1.jpg,19.78
5087526257_1.jpg,4.68
5087733816_1.jpg,1.55
5087919917_1.jpg,7.52
5087977940_1.jpg,0.97
5087977940_2.jpg,1.04
5104567049_1.jpg,2.15
5104567049_2.jpg,5.09
5104567049_3.jpg,4.62
5108046115_1.jpg,0.25
5108069107_1.jpg,7.83
5108079157_1.jpg,3.20
5133353011_1.jpg,15.43
5133420425_1.jpg,13.73
5133463005_1.jpg,3.37
5133668516_1.jpg,9.41
5133865056_1.jpg,18.77
5133865056_2.jpg,35.57
5134013769_1.jpg,25.80
5134013769_2.jpg,20.49
5134027681_1.jpg,3.12
5134146908_1.jpg,23.32
5134146908_2.jpg,5.11
5134317478_1.jpg,0.24
5134327075_1.jpg,22.36
5134327075_2.jpg,25.75
5134435921_1.jpg,2.13
5134513450_1.jpg,4.08
5134519241_1.jpg,5.89
5134519241_2.jpg,10.17
5134519241_3.jpg,10.61
5134519241_4.jpg,8.64
5134519241_5.jpg,19.90
5134629967_1.jpg,0.80
5134629968_1.jpg,1.29
5134664123_1.jpg,17.02
5134664123_2.jpg,14.89
5134664123_3.jpg,4.49
5134697908_1.jpg,1.66
5134785590_1.jpg,0.70
5134856882_1.jpg,0.26
5138886098_1.jpg,35.39
5138886098_2.jpg,50.95
5138886098_3.jpg,33.94
5140039734_1.jpg,9.87
5140072876_1.jpg,6.89
5140096129_1.jpg,14.05
5140117341_1.jpg,2.08
5140118216_1.jpg,31.21
5140123397_1.jpg,47.98
5140141631_1.jpg,3.08
5140150255_1.jpg,1.45
5140150255_2.jpg,1.05
5140187662_1.jpg,12.91
5140206286_1.jpg,22.24
5140206286_2.jpg,3.48
5140206286_3.jpg,4.76
5140251383_1.jpg,18.02
5140251383_2.jpg,16.71
5140251383_3.jpg,38.46
5140251383_4.jpg,21.00
5140331255_1.jpg,7.34
5140743561_1.jpg,3.48
5140841355_1.jpg,25.31
5140880337_1.jpg,41.67
5140880337_2.jpg,41.65
5140980228_1.jpg,12.49
5141002117_1.jpg,4.10
5141446988_1.jpg,0.04
5141446988_2.jpg,2.47
5141446988_3.jpg,1.71
5141495216_1.jpg,14.40
5153318845_1.jpg,0.34
5153318845_2.jpg,0.45
5153318845_3.jpg,0.84
5153396830_1.jpg,7.97
5153396830_2.jpg,26.60
5153462498_1.jpg,12.53
5153462498_2.jpg,12.74
5153462498_3.jpg,8.36
5153975027_1.jpg,10.45
5154000080_1.jpg,0.62
5154000080_2.jpg,2.53
5154000080_3.jpg,1.10
5154004963_1.jpg,9.90
5154004963_2.jpg,7.02
5154004963_3.jpg,12.95
5154311011_1.jpg,6.08
5154564024_1.jpg,2.99
5154564024_2.jpg,3.87
5154564024_3.jpg,4.82
5154564024_4.jpg,2.33
5154576531_1.jpg,13.93
5154636063_1.jpg,4.76
5154657403_1.jpg,6.67
5154835930_1.jpg,10.71
5154835930_2.jpg,11.56
5154936450_1.jpg,12.67
5154936450_2.jpg,1.86
5154936450_3.jpg,13.99
5157849436_1.jpg,0.19
5157895428_1.jpg,12.31
5157895428_2.jpg,4.82
5157895428_3.jpg,6.51
5157895428_4.jpg,30.62
5157945567_1.jpg,2.71
5158011451_1.jpg,24.63
5158011451_2.jpg,26.47
5158015184_1.jpg,6.22
5158047905_1.jpg,3.89
5158059433_1.jpg,7.70
5158191376_1.jpg,7.83
5158214444_1.jpg,3.76
5158299080_1.jpg,9.29
5158378575_1.jpg,0.76
5158390450_1.jpg,38.04
5158418397_1.jpg,10.14
5158456417_1.jpg,4.78
5158478448_1.jpg,5.96
5158478448_2.jpg,5.01
5158478448_3.jpg,0.91
5158503080_1.jpg,18.14
5158617463_1.jpg,7.05
5158625119_1.jpg,1.20
5158675445_1.jpg,4.09
5158700406_1.jpg,1.52
5167055118_1.jpg,24.80
5167635963_1.jpg,1.14
5167635963_2.jpg,0.84
5167635963_3.jpg,0.93
5167664357_1.jpg,3.47
5167904511_1.jpg,9.48
5168163164_1.jpg,1.38
5168163164_2.jpg,1.91
5168544492_1.jpg,28.98
5171629757_1.jpg,2.47
5171629757_2.jpg,24.76
5171629757_3.jpg,4.10
5171629757_4.jpg,4.13
5176372116_1.jpg,2.03
5176412920_1.jpg,14.14
5176819847_1.jpg,5.27
5176831869_1.jpg,13.22
5176831869_2.jpg,24.18
5176831869_3.jpg,30.02
5176843353_1.jpg,2.10
5176843353_2.jpg,5.52
5176843353_3.jpg,7.31
5176882319_1.jpg,1.07
5176882319_2.jpg,2.35
5176882319_3.jpg,1.54
5176882319_4.jpg,0.89
5176882319_5.jpg,1.39
5176882319_6.jpg,2.01
5176972348_1.jpg,7.92
5176972348_2.jpg,6.48
5176973533_1.jpg,4.84
5177007065_1.jpg,15.54
5177007065_2.jpg,18.81
5177007065_3.jpg,19.83
5177105797_1.jpg,3.35
5177180032_1.jpg,12.49
5177180032_2.jpg,13.05
5177180032_3.jpg,14.97
5177352969_1.jpg,8.37
5187909005_1.jpg,0.92
5187909005_2.jpg,1.12
5187909005_3.jpg,0.85
5187957202_1.jpg,0.32
5188455481_1.jpg,9.49
5188455481_2.jpg,0.57
5198299810_1.jpg,1.58
5198361273_1.jpg,0.00
5198361273_2.jpg,0.00
5198843636_1.jpg,1.74
5198843636_2.jpg,0.59
5198872392_1.jpg,7.24
5198872392_2.jpg,4.63
5198918746_1.jpg,3.24
5198919766_1.jpg,6.68
5198919766_2.jpg,2.31
5198919766_3.jpg,3.73
5198919766_4.jpg,3.18
5198919766_5.jpg,3.43
5199077392_1.jpg,3.86
5205934572_1.jpg,12.39
5205934572_2.jpg,7.89
5205934572_3.jpg,22.10
5206010349_1.jpg,1.54
5206010349_2.jpg,1.86
5206011449_1.jpg,4.73
5206590749_1.jpg,3.99
5215695204_1.jpg,2.08
5215820290_1.jpg,10.88
5215820290_2.jpg,14.38
5216025893_1.jpg,2.37
5217207649_1.jpg,6.06
5217207649_2.jpg,8.52
5217538464_1.jpg,4.47
5218800483_1.jpg,7.65
5218865352_1.jpg,17.06
5218865352_2.jpg,39.95
5218868378_1.jpg,6.68
5218868378_2.jpg,2.76
5218868378_3.jpg,1.61
5218868378_4.jpg,1.44
5218868378_5.jpg,1.18
5219205336_1.jpg,3.53
5219205336_2.jpg,1.67
5219224467_1.jpg,4.75
5219224467_2.jpg,5.77
5219234396_1.jpg,2.75
5219234396_2.jpg,3.99
5219234396_3.jpg,3.19
5219263474_1.jpg,8.20
5219263474_2.jpg,5.15
5219316458_1.jpg,26.92
5219316458_2.jpg,22.74
5219319352_1.jpg,21.73
5219319352_2.jpg,11.40
5219319352_3.jpg,14.19
5219319352_4.jpg,18.19
5219327343_1.jpg,15.68
5219382372_1.jpg,2.42
5219412384_1.jpg,11.56
5219414416_1.jpg,0.96
5219414416_2.jpg,3.41
5230083305_1.jpg,3.70
5230476693_1.jpg,5.89
5230476693_2.jpg,5.88
5230476693_3.jpg,1.62
5230486727_1.jpg,2.66
5230714712_1.jpg,4.57
5230902787_1.jpg,16.88
5230958326_1.jpg,0.70
5230958326_2.jpg,2.17
5231249032_1.jpg,2.18
5231353998_1.jpg,2.18
5231433128_1.jpg,4.94
5231547921_1.jpg,0.46
5231773059_1.jpg,4.52
5231773059_2.jpg,3.03
5231773059_3.jpg,3.19
5231773059_4.jpg,2.96
5231773059_5.jpg,0.05
5234179485_1.jpg,7.42
5237765054_1.jpg,1.63
5237765054_2.jpg,2.93
5237765054_3.jpg,1.92
5237887907_1.jpg,12.10
5237988830_1.jpg,1.18
5237988830_2.jpg,9.03
5238097172_1.jpg,10.84
5238451703_1.jpg,1.79
5282143943_1.jpg,13.61
5282403850_1.jpg,0.79
5282403850_2.jpg,0.51
5282403850_3.jpg,0.00
5282412860_1.jpg,1.41
5282692994_1.jpg,0.33
5282692994_2.jpg,0.03
5283331151_1.jpg,8.75
5283425387_1.jpg,12.75
5288724742_1.jpg,0.63
5288727788_1.jpg,0.63
5288728243_1.jpg,0.63
5292011687_1.jpg,4.39
5292045292_1.jpg,3.64
5292169546_1.jpg,6.16
5292169546_2.jpg,5.03
5292169546_3.jpg,4.83
5292169546_4.jpg,4.66
5292441114_1.jpg,18.48
5292519006_1.jpg,6.45
5292956216_1.jpg,5.67
5292956216_2.jpg,6.72
5292956216_3.jpg,2.02
5292956216_4.jpg,3.41
5292956216_5.jpg,3.34
5292956216_6.jpg,7.63
5293136705_1.jpg,2.03
5293163515_1.jpg,4.19
5759582337_1.jpg,18.81
5759606962_1.jpg,35.93
5759606962_2.jpg,26.13
5759633295_1.jpg,0.63
5759633295_2.jpg,1.18
5759704069_1.jpg,2.31
5759760838_1.jpg,24.44
5759760838_2.jpg,17.92
5759909003_1.jpg,0.14
5759909003_2.jpg,1.63
5759909003_3.jpg,2.20
5759909003_4.jpg,0.44
5760071696_1.jpg,0.06
5760071696_2.jpg,0.01
5760130498_1.jpg,10.86
5760193419_1.jpg,9.13
5760311548_1.jpg,19.30
5760311548_2.jpg,18.62
5760311548_3.jpg,18.14
5760352527_1.jpg,6.90
5760376449_1.jpg,3.67
5760376449_2.jpg,19.23
5760542413_1.jpg,1.89
5760752381_1.jpg,25.82
5760752381_2.jpg,14.33
5760752381_3.jpg,45.31
5760752381_4.jpg,11.30
5760924342_1.jpg,5.87
5760924342_2.jpg,6.30
5760924342_3.jpg,4.15
5761065861_1.jpg,42.98
5761065861_2.jpg,36.07
5761065861_3.jpg,22.50
5761065861_4.jpg,35.83
5761163917_1.jpg,33.24
5761163917_2.jpg,22.49
5761163917_3.jpg,13.56
5762091731_1.jpg,0.68
5762191385_1.jpg,10.87
5827391035_1.jpg,0.78
5827406270_1.jpg,20.02
5827501347_1.jpg,0.60
5827566716_1.jpg,4.10
5827566716_2.jpg,6.63
5827566716_3.jpg,26.52
5827566716_4.jpg,16.12
5827567264_1.jpg,5.04
5827624342_1.jpg,7.09
5827626716_1.jpg,0.04
5827935994_1.jpg,3.10
5827942807_1.jpg,3.62
5828079267_1.jpg,4.84
5828255665_1.jpg,0.46
5828264888_1.jpg,3.02
5828719974_1.jpg,1.90
5828719974_2.jpg,1.78
5828719974_3.jpg,2.04
5830300429_1.jpg,3.10
5830391127_1.jpg,13.30
5830391127_2.jpg,20.63
5830391127_3.jpg,9.20
5830391127_4.jpg,9.13
5830391127_5.jpg,9.29
5830391127_6.jpg,7.17
5830391127_7.jpg,1.29
5830391127_8.jpg,10.24
5830391127_9.jpg,9.90
5830494027_1.jpg,0.85
5830746910_1.jpg,5.81
5830746910_2.jpg,15.07
5830746910_3.jpg,29.84
5830746910_4.jpg,5.96
5830817017_1.jpg,2.35
5830853596_1.jpg,22.22
5830868574_1.jpg,7.73
5830868574_2.jpg,8.08
5830907674_1.jpg,28.61
5830907674_2.jpg,21.50
5830907674_3.jpg,17.19
5830907674_4.jpg,14.60
5830907674_5.jpg,19.85
5830907674_6.jpg,9.14
5830907674_7.jpg,6.65
5830907674_8.jpg,5.69
5830907674_9.jpg,3.39
5830953813_1.jpg,2.14
5837725160_1.jpg,12.11
5837739671_1.jpg,24.54
5837739671_2.jpg,19.03
5837739671_3.jpg,15.56
5837863600_1.jpg,14.34
5837896803_1.jpg,5.01
5837958843_1.jpg,3.48
5837969866_1.jpg,3.67
5837969866_2.jpg,12.57
5838155379_1.jpg,8.14
5838157443_1.jpg,1.61
5838167452_1.jpg,7.06
5840284160_1.jpg,28.17
5840417724_1.jpg,16.12
5840417724_2.jpg,8.36
5840417724_3.jpg,9.16
5840417724_4.jpg,13.70
5840885042_1.jpg,7.62
5843961845_1.jpg,5.27
5844097974_1.jpg,27.41
5844158665_1.jpg,4.77
5844158665_2.jpg,9.93
5844158665_3.jpg,0.00
5844257660_1.jpg,17.93
5844276345_1.jpg,2.61
5844314007_1.jpg,12.59
5844349928_1.jpg,2.75
5844612873_1.jpg,2.16
5844612873_2.jpg,0.17
5867779150_1.jpg,11.78
5867779150_2.jpg,16.67
5867779150_3.jpg,16.87
5867906571_1.jpg,44.31
5867923553_1.jpg,34.33
5867923553_2.jpg,15.95
5867923553_3.jpg,20.21
5867923553_4.jpg,5.71
5867923553_5.jpg,19.82
5889320980_1.jpg,1.29
5889429658_1.jpg,6.40
5889429658_2.jpg,2.48
5889556351_1.jpg,10.41
5889796279_1.jpg,6.45
5890028920_1.jpg,7.16
5890057759_1.jpg,0.87
5890324474_1.jpg,4.40
5892467579_1.jpg,3.42
5892547376_1.jpg,2.31
5892818497_1.jpg,17.51
5897310089_1.jpg,24.82
5897367788_1.jpg,4.43
5897374902_1.jpg,16.42
5897374902_2.jpg,13.60
5901248438_1.jpg,31.08
5901248438_2.jpg,32.60
5902584179_1.jpg,6.00
5902584179_2.jpg,5.10
5902584179_3.jpg,5.50
5904083348_1.jpg,5.27
5908642857_1.jpg,6.84
5908939063_1.jpg,2.93
5909251651_1.jpg,2.87
5909263547_1.jpg,1.63
5909391621_1.jpg,4.07
5909391621_2.jpg,1.85
5909391621_3.jpg,3.83
5909391621_4.jpg,4.23
5909391621_5.jpg,12.42
5920116057_1.jpg,0.56
5920116057_2.jpg,0.80
5920136873_1.jpg,2.95
5932218748_1.jpg,0.99
5935317103_1.jpg,1.33
5935381996_1.jpg,14.75
5935381996_2.jpg,14.60
5935395217_1.jpg,2.70
5935400144_1.jpg,1.08
5935535087_1.jpg,1.71
5936002832_1.jpg,10.53
5938311177_1.jpg,2.69
5938398546_1.jpg,4.44
5938500810_1.jpg,4.57
6129963470_1.jpg,23.94
6130018268_1.jpg,7.47
6130158334_1.jpg,17.36
6130182430_1.jpg,25.30
6131109270_1.jpg,15.20
6131161103_1.jpg,0.27
6131161103_2.jpg,0.53
6133223497_1.jpg,0.42
6147724004_1.jpg,34.49
6147724004_2.jpg,24.88
6150412536_1.jpg,25.02
6150602557_1.jpg,7.51
6150602751_1.jpg,4.96
6150602751_2.jpg,4.40
6150602751_3.jpg,0.19
6150602751_4.jpg,1.35
6150602751_5.jpg,4.71
6150602751_6.jpg,3.04
6150602751_7.jpg,3.44
6150602751_8.jpg,4.40
6150621276_1.jpg,11.71
6150670333_1.jpg,11.55
6150813528_1.jpg,19.70
6150813528_2.jpg,16.87
6150913584_1.jpg,30.10
6151403679_1.jpg,3.93
6151480753_1.jpg,6.77
6151519769_1.jpg,6.53
6151519769_2.jpg,18.53
6151558734_1.jpg,18.86
6151726643_1.jpg,5.06
6151781517_1.jpg,2.98
6151938103_1.jpg,14.03
6151997183_1.jpg,12.91
6151997183_2.jpg,10.34
6152101012_1.jpg,9.27
6152101012_2.jpg,10.78
6152101012_3.jpg,1.92
6152261957_1.jpg,18.81
6152304468_1.jpg,18.22
6152304468_2.jpg,11.89
6152304468_3.jpg,31.60
6159260307_1.jpg,15.87
6171372651_1.jpg,12.08
6178721260_1.jpg,1.49
6179151293_1.jpg,5.32
6179358265_1.jpg,27.27
6182487623_1.jpg,3.83
6182678477_1.jpg,2.86
6182924222_1.jpg,10.39
6184766865_1.jpg,3.32
6185011949_1.jpg,4.20
6185605820_1.jpg,2.47
6185605820_2.jpg,6.26
6185605820_3.jpg,4.99
6186037016_1.jpg,5.03
6186037016_2.jpg,7.50
6186037016_3.jpg,12.76
6186037016_4.jpg,9.49
6187979153_1.jpg,7.90
6188389987_1.jpg,0.01
6188507246_1.jpg,4.92
6188507246_2.jpg,4.03
6188625864_1.jpg,5.89
6188625864_2.jpg,7.37
6195224495_1.jpg,0.44
6195244291_1.jpg,1.35
6195244291_2.jpg,7.72
6195244291_3.jpg,0.78
6195360396_1.jpg,2.21
6195555284_1.jpg,8.78
6195827532_1.jpg,4.52
6195827532_2.jpg,0.87
6195845107_1.jpg,8.63
6195893840_1.jpg,1.79
6195893840_2.jpg,4.35
6195893840_3.jpg,13.20
6196022717_1.jpg,0.04
6234203876_1.jpg,6.60
6234204376_1.jpg,17.42
6234204376_2.jpg,5.84
6234204376_3.jpg,11.34
6234204376_4.jpg,25.35
6234204376_5.jpg,15.91
6234204376_6.jpg,46.72
6234204376_7.jpg,10.49
6234204376_8.jpg,26.14
6234204376_9.jpg,15.81
6234359675_1.jpg,17.00
6234359675_2.jpg,21.46
6234429324_1.jpg,17.58
6234429324_2.jpg,19.11
6234429324_3.jpg,8.15
6234523724_1.jpg,9.30
6234549922_1.jpg,3.66
6234689323_1.jpg,15.30
6234805142_1.jpg,4.59
6234805142_2.jpg,6.71
6234805142_3.jpg,2.89
6235047642_1.jpg,25.41
6235047642_2.jpg,24.52
6235116701_1.jpg,3.16
6235134506_1.jpg,4.44
6235225665_1.jpg,1.28
6235333637_1.jpg,5.39
6235582306_1.jpg,0.45
6235588047_1.jpg,11.89
6235731444_1.jpg,18.64
6235798149_1.jpg,11.21
6235973787_1.jpg,2.90
6236036967_1.jpg,2.99
6236206157_1.jpg,9.63
6236316255_1.jpg,8.51
6236316255_2.jpg,2.85
6236316255_3.jpg,10.71
6236404779_1.jpg,0.52
6236445573_1.jpg,6.43
6236445573_2.jpg,8.58
6251613650_1.jpg,3.99
6252049351_1.jpg,0.14
6252049351_2.jpg,1.67
6252512850_1.jpg,12.59
6252512850_2.jpg,0.00
6252512850_3.jpg,3.55
6252512850_4.jpg,0.00
6252512850_5.jpg,0.89
6252512850_6.jpg,0.07
6252512850_7.jpg,0.00
6252512850_8.jpg,4.14
6253029940_1.jpg,24.40
6253029940_2.jpg,0.00
6253029940_3.jpg,0.15
6253029940_4.jpg,2.02
6253029940_5.jpg,3.51
6253029940_6.jpg,5.98
6253029940_7.jpg,4.79
6253166839_1.jpg,1.52
6253237997_1.jpg,4.45
6253318016_1.jpg,0.98
6273437537_1.jpg,0.86
6273665794_1.jpg,21.27
6273757475_1.jpg,0.92
6273766836_1.jpg,9.86
6273785859_1.jpg,3.93
6273785859_2.jpg,28.35
6273785859_3.jpg,9.60
6273795727_1.jpg,16.02
6273919964_1.jpg,18.72
6273997988_1.jpg,4.27
6273997988_2.jpg,0.25
6273997988_3.jpg,0.84
6273997988_4.jpg,5.10
6274066790_1.jpg,11.57
6274066790_2.jpg,11.87
6274066790_3.jpg,7.06
6274066790_4.jpg,7.70
6274066790_5.jpg,1.41
6274163574_1.jpg,4.94
6320063847_1.jpg,11.77
6320162773_1.jpg,24.03
6320162773_2.jpg,4.74
6320273853_1.jpg,5.92
6320341847_1.jpg,9.61
6320341847_2.jpg,27.43
6320373829_1.jpg,7.66
6320380487_1.jpg,12.92
6320382055_1.jpg,53.56
6320382055_2.jpg,49.50
6320382055_3.jpg,30.39
6320382055_4.jpg,6.70
6320384399_1.jpg,4.91
6320406745_1.jpg,1.06
6320418353_1.jpg,4.51
6320722496_1.jpg,36.61
6320748578_1.jpg,0.67
6320781356_1.jpg,9.28
6320781356_2.jpg,11.65
6320781356_3.jpg,20.73
6320822987_1.jpg,11.74
6320822987_2.jpg,13.93
6320822987_3.jpg,8.78
6320822987_4.jpg,17.77
6320965822_1.jpg,18.00
6320965822_2.jpg,6.46
6320965822_3.jpg,4.00
6320972044_1.jpg,9.88
6320972044_2.jpg,4.54
6320972044_3.jpg,9.51
6320972044_4.jpg,3.31
6320972044_5.jpg,3.86
6320992985_1.jpg,0.00
6321182935_1.jpg,9.07
6321210968_1.jpg,14.69
6333856362_1.jpg,4.74
6333856362_2.jpg,9.05
6333856362_3.jpg,4.55
6333913466_1.jpg,2.64
6333940037_1.jpg,13.82
6333981873_1.jpg,18.20
6334095884_1.jpg,8.28
6334123901_1.jpg,13.08
6334123901_2.jpg,9.85
6334248302_1.jpg,5.61
6334291537_1.jpg,1.77
6334361330_1.jpg,1.24
6334546589_1.jpg,13.03
6334546589_2.jpg,8.57
6334596350_1.jpg,7.77
6334596350_2.jpg,9.89
6334661500_1.jpg,1.24
6334661500_2.jpg,1.26
6334671456_1.jpg,12.37
6334733783_1.jpg,1.60
6334820306_1.jpg,7.37
6334981926_1.jpg,1.52
6335033820_1.jpg,6.62
6341868524_1.jpg,5.73
6342269568_1.jpg,2.61
6342317321_1.jpg,5.64
6342398785_1.jpg,9.44
6342521482_1.jpg,5.38
6342521482_2.jpg,11.76
6342521482_3.jpg,6.76
6342643774_1.jpg,0.73
6342697842_1.jpg,12.04
6342697842_2.jpg,9.00
6342697842_3.jpg,7.10
6342710474_1.jpg,3.10
6342710474_2.jpg,5.57
6342710474_3.jpg,1.89
6342710474_4.jpg,2.20
6342710474_5.jpg,6.16
6342714272_1.jpg,9.03
6342731628_1.jpg,2.89
6342731628_2.jpg,3.66
6342894225_1.jpg,6.38
6344625496_1.jpg,13.31
6344625496_2.jpg,21.32
6344756845_1.jpg,4.17
6344756845_2.jpg,2.93
6344756845_3.jpg,1.53
6352241363_1.jpg,1.28
6352428682_1.jpg,3.97
6352488848_1.jpg,19.66
6352488848_2.jpg,6.68
6352505109_1.jpg,10.06
6352544485_1.jpg,10.06
6352544485_2.jpg,15.58
6352565401_1.jpg,8.58
6352696602_1.jpg,6.44
6352696602_2.jpg,8.94
6352696602_3.jpg,16.09
6352702109_1.jpg,7.88
6352702109_2.jpg,16.23
6352748437_1.jpg,5.76
6352748437_2.jpg,5.43
6352865004_1.jpg,3.05
6352865004_2.jpg,2.74
6352865004_3.jpg,8.02
6352865004_4.jpg,5.05
6352980664_1.jpg,0.04
6353078562_1.jpg,11.52
6353078562_2.jpg,14.96
6353078562_3.jpg,11.39
6353167598_1.jpg,10.10
6353167598_2.jpg,10.97
6353167598_3.jpg,7.05
6353322963_1.jpg,4.25
6398666460_1.jpg,8.12
6398666460_2.jpg,4.28
6398666460_3.jpg,13.33
6398666460_4.jpg,1.63
6398666460_5.jpg,15.91
6398688300_1.jpg,3.75
6398688300_2.jpg,14.22
6398688300_3.jpg,2.58
6398688300_4.jpg,4.66
6398773432_1.jpg,5.27
6398773432_2.jpg,3.47
6398773432_3.jpg,12.05
6398885804_1.jpg,1.49
6399070439_1.jpg,5.13
6399070439_2.jpg,4.96
6399070439_3.jpg,2.11
6399077874_1.jpg,9.47
6399077874_2.jpg,21.43
6399077874_3.jpg,44.62
6399077874_4.jpg,26.19
6399111507_1.jpg,7.62
6399111507_2.jpg,8.79
6399815327_1.jpg,30.96
6399815327_2.jpg,46.98
6399815327_3.jpg,4.39
6399815327_4.jpg,14.06
6399987473_1.jpg,0.03
6399987473_2.jpg,1.01
6400020600_1.jpg,6.49
6400358740_1.jpg,12.16
6400358740_2.jpg,6.16
6400358740_3.jpg,2.82
6400680929_1.jpg,7.57
6400680929_2.jpg,3.21
6400680929_3.jpg,7.18
6400717755_1.jpg,1.01
6410619610_1.jpg,13.89
6410619610_2.jpg,18.82
6410619610_3.jpg,9.96
6410619610_4.jpg,13.06
6410619610_5.jpg,17.40
6410643296_1.jpg,10.68
6410685470_1.jpg,5.64
6410685470_2.jpg,8.84
6410685470_3.jpg,17.50
6410685470_4.jpg,20.49
6410685470_5.jpg,18.11
6410714943_1.jpg,10.67
6410714943_2.jpg,10.40
6410714943_3.jpg,2.70
6410714943_4.jpg,17.45
6410714943_5.jpg,18.20
6410714943_6.jpg,16.37
6410714943_7.jpg,14.12
6410714943_8.jpg,21.94
6410714943_9.jpg,14.88
6410818710_1.jpg,24.13
6410818710_2.jpg,2.58
6411092713_1.jpg,0.66
6411568019_1.jpg,9.93
6411651304_1.jpg,39.88
6411651304_2.jpg,2.97
6411651304_3.jpg,2.69
6411651304_4.jpg,34.46
6412869460_1.jpg,0.33
6412978642_1.jpg,4.47
6413081523_1.jpg,2.37
6413272140_1.jpg,12.35
6413288554_1.jpg,10.38
6413311702_1.jpg,11.63
6413401780_1.jpg,11.04
6413401780_2.jpg,6.40
6413401780_3.jpg,7.21
6413491089_1.jpg,3.33
6413652625_1.jpg,2.03
6413670379_1.jpg,3.04
6413670379_2.jpg,0.27
6413823525_1.jpg,3.81
6414098047_1.jpg,0.17
6414102750_1.jpg,6.41
6414102750_2.jpg,10.68
6422069814_1.jpg,11.63
6422491046_1.jpg,4.78
6422729645_1.jpg,5.93
6422805694_1.jpg,1.26
6422805694_2.jpg,0.04
6422824845_1.jpg,1.71
6422927952_1.jpg,12.43
6422931928_1.jpg,25.56
6422931928_2.jpg,7.28
6422931928_3.jpg,42.18
6422931928_4.jpg,30.11
6422978883_1.jpg,22.21
6422978883_2.jpg,8.19
6423165331_1.jpg,3.53
6430908832_1.jpg,3.20
6431064094_1.jpg,0.23
6431064094_2.jpg,0.21
6431064094_3.jpg,0.98
6431064094_4.jpg,0.31
6431304318_1.jpg,14.80
6431358077_1.jpg,7.97
6431361019_1.jpg,5.20
6440956421_1.jpg,0.70
6440959369_1.jpg,10.84
6441011127_1.jpg,3.12
6441520321_1.jpg,2.59
6441520321_2.jpg,1.97
6441520321_3.jpg,4.36
6441544834_1.jpg,38.17
6441600557_1.jpg,4.16
6441608806_1.jpg,7.06
6441754617_1.jpg,8.09
6441798465_1.jpg,0.10
6441904438_1.jpg,3.18
6441904438_2.jpg,14.32
6442057940_1.jpg,0.03
6442057940_2.jpg,5.61
6447779876_1.jpg,8.68
6449710188_1.jpg,5.91
6452049957_1.jpg,10.94
6452049957_2.jpg,9.06
6452054690_1.jpg,47.39
6452116915_1.jpg,0.88
6452116915_2.jpg,3.83
6452116915_3.jpg,19.84
6452216955_1.jpg,17.53
6452216955_2.jpg,3.07
6452216955_3.jpg,2.73
6452216955_4.jpg,1.53
6452505707_1.jpg,23.66
6452505707_2.jpg,48.93
6469793932_1.jpg,7.83
6469793932_2.jpg,3.25
6469793932_3.jpg,11.42
6469904308_1.jpg,3.02
6469951871_1.jpg,15.24
6470153735_1.jpg,5.74
6470153735_2.jpg,2.27
6470549858_1.jpg,1.05
6470573456_1.jpg,16.01
6470593581_1.jpg,12.97
6479238873_1.jpg,4.78
6479238873_2.jpg,4.97
6479238873_3.jpg,4.77
6479238873_4.jpg,2.32
6479298968_1.jpg,3.08
6479486931_1.jpg,4.29
6479684350_1.jpg,33.10
6479696769_1.jpg,3.37
6479979797_1.jpg,2.73
6480245252_1.jpg,3.37
6480334622_1.jpg,13.79
6480350685_1.jpg,21.42
6480519571_1.jpg,0.06
6480633423_1.jpg,10.79
6480633423_2.jpg,9.16
6480879937_1.jpg,8.31
6480879937_2.jpg,36.96
6485560195_1.jpg,3.24
6485896403_1.jpg,2.11
6486418022_1.jpg,2.52
6498307916_1.jpg,6.38
6498307916_2.jpg,8.46
6498307916_3.jpg,1.15
6498432814_1.jpg,11.50
6498553607_1.jpg,0.21
6498553607_2.jpg,0.33
6498602420_1.jpg,9.31
6498602420_2.jpg,6.00
6498656042_1.jpg,14.13
6498656042_2.jpg,8.53
6498656042_3.jpg,7.66
6498656042_4.jpg,12.22
6498708806_1.jpg,0.38
6498793915_1.jpg,19.65
6499088891_1.jpg,10.84
6499132111_1.jpg,4.22
6499673891_1.jpg,3.01
6499834630_1.jpg,5.37
6499834630_2.jpg,4.26
6499834630_3.jpg,8.71
6499834630_4.jpg,0.93
6500100225_1.jpg,1.68
6500376737_1.jpg,5.18
6500415631_1.jpg,1.00
6500415631_2.jpg,1.05
891151578_1.jpg,28.53
891151578_2.jpg,33.74
891151578_3.jpg,16.99
891151578_4.jpg,31.56
891151578_5.jpg,51.25
891151578_6.jpg,51.30
