"gbif_id","longitude","latitude","subspecies"
891151614,5.091133,45.777401,"aspis"
1052581155,-0.112406,42.69691,"zinnikeri"
1065603861,8.703668,45.527902,"francisciredi"
1098918548,7.041934,44.774116,"francisciredi"
1132407895,7.0364,44.7705,"francisciredi"
1134966182,7.02917,44.67382,"francisciredi"
1135530375,7.01582,44.91321,"francisciredi"
1143550049,7.06601,44.76807,"francisciredi"
1211996486,12.907047,42.681126,NA
1227729356,12.645323,42.070704,NA
1227736264,7.084567,45.052825,"francisciredi"
1269566047,10.837055,45.889366,"francisciredi"
1269573956,10.983039,43.09346,NA
1272087529,11.733112,44.20975,"francisciredi"
1291146716,10.743266,45.942985,"francisciredi"
1305129161,10.705443,46.328501,"francisciredi"
1453051998,5.345278,45.741605,"aspis"
1453371744,10.28038,45.167838,"francisciredi"
1453405956,13.019223,41.958702,NA
1455587241,11.731504,46.156129,"francisciredi"
1457590068,10.29437,44.140103,"francisciredi"
1457590242,10.856892,46.068101,"francisciredi"
1457618204,10.696757,45.919154,"francisciredi"
1457618338,10.718708,45.942317,"francisciredi"
1500299628,11.238928,43.21515,"francisciredi"
1562914819,8.264312,44.411721,"francisciredi"
1562930581,9.007668,45.235281,"francisciredi"
1562939786,13.806467,41.99299,"hugyi"
1562954161,7.062537,45.130041,"francisciredi"
1562956814,15.126114,37.836903,"hugyi"
1562967086,12.13474,46.385134,"francisciredi"
1563435785,12.153827,42.122937,NA
1563446489,12.347616,42.242991,NA
1563446525,10.725287,44.304787,"francisciredi"
1571120767,12.729183,42.990376,NA
1571132348,10.743563,45.947259,"francisciredi"
1571186245,11.118754,45.782526,"francisciredi"
1571187038,11.983445,46.296749,"francisciredi"
1571187869,8.67106,44.436978,"francisciredi"
1571194584,11.973324,46.346821,"francisciredi"
1571201349,11.942204,46.362508,"francisciredi"
1572356547,15.835552,38.167602,"hugyi"
1572401923,10.834874,45.889425,"francisciredi"
1621794202,11.796748,44.790982,"francisciredi"
1621798377,2.621978,48.417436,"aspis"
1621798450,2.620596,48.410145,"aspis"
1703230686,10.955375,46.080035,"francisciredi"
1802768149,7.944978,44.471641,"francisciredi"
1831113682,11.065579,46.088238,"francisciredi"
1831120499,10.954914,46.079423,"francisciredi"
1831146363,11.938065,42.149706,NA
1837743816,2.373562,41.765898,"zinnikeri"
1838046165,10.835167,45.887173,"francisciredi"
1838046229,10.836551,45.889037,"francisciredi"
1838360250,7.908073,44.781548,"francisciredi"
1839216451,5.734248,45.38791,"aspis"
1839216462,5.735296,45.402079,"aspis"
1841246403,11.662231,46.313165,"francisciredi"
1841283932,8.78729,44.579761,"francisciredi"
1847516622,9.518993,45.76992,"francisciredi"
1847519874,14.733169,41.701346,"hugyi"
1847562441,8.777642,44.56606,"francisciredi"
1847621674,10.912311,45.929472,"francisciredi"
1848778186,7.927464,45.108776,"francisciredi"
1880502919,11.044848,46.053726,"francisciredi"
1880529075,10.889847,44.24898,"francisciredi"
1880559714,11.433345,46.239668,"francisciredi"
1880602876,12.078691,42.260932,NA
1883502909,11.432884,46.239821,"francisciredi"
1883548875,7.160942,45.070322,"francisciredi"
1890074172,7.014958,44.952197,"francisciredi"
1890688453,9.196678,44.61724,"francisciredi"
1913185517,7.047052,46.388998,"francisciredi"
1913196972,7.108852,44.888508,"francisciredi"
1944413323,16.654953,40.616351,"hugyi"
1946317358,10.338837,45.107066,"francisciredi"
2234747394,6.873498,45.018559,"francisciredi"
2234797817,10.933432,46.098436,"francisciredi"
2235555794,12.585553,42.609017,NA
2236241447,14.15537,41.439728,"hugyi"
2237449313,10.572958,42.956329,NA
2239021528,8.165557,46.251718,"francisciredi"
2242813184,3.771427,43.704699,"aspis"
2242971332,11.809243,43.998857,"francisciredi"
2242986787,7.11154,44.876783,"francisciredi"
2251995076,11.665391,43.595689,"francisciredi"
2252014564,11.315284,45.844017,"francisciredi"
2252066941,10.966593,46.057963,"francisciredi"
2252078536,11.433624,46.239579,"francisciredi"
2252080233,10.64677,45.867535,"francisciredi"
2265839912,8.278725,45.930116,"francisciredi"
2273223706,7.860556,45.528889,"francisciredi"
2273232773,1.412192,47.638271,"aspis"
2283070824,6.665095,46.402825,"francisciredi"
2331876813,10.993667,45.985217,"francisciredi"
2350405070,4.929073,44.423034,"aspis"
2350422641,11.502861,42.747037,NA
2350429868,11.459191,42.750465,NA
2366129751,1.869222,42.425201,"zinnikeri"
2397518581,0.399083,44.887045,"aspis"
2397570432,11.263101,44.255357,"francisciredi"
2423102384,2.62636,48.439145,"aspis"
2423169335,-0.42463,42.799793,"zinnikeri"
2423171759,0.095958,42.692391,"zinnikeri"
2429360166,1.672442,42.238617,"zinnikeri"
2429385209,-1.290703,43.043018,"zinnikeri"
2429587386,1.173596,46.721625,"aspis"
2429590960,2.397381,42.507636,"zinnikeri"
2448003331,5.932156,45.343265,"aspis"
2456568602,12.759176,42.493715,NA
2460071081,6.468204,44.957429,"francisciredi"
2465315239,11.047777,46.050739,"francisciredi"
2465355641,8.269176,44.575878,"francisciredi"
2540749834,8.858307,45.811876,"francisciredi"
2543034207,7.221079,44.846079,"francisciredi"
2550122631,4.48121,45.293502,"aspis"
2573855394,2.350837,45.859266,"aspis"
2574110864,7.034753,44.872302,"francisciredi"
2574244235,7.039918,44.867671,"francisciredi"
2576283193,0.731587,42.72356,"zinnikeri"
2596042429,5.553103,48.829242,"aspis"
2596079571,5.553103,48.829242,"aspis"
2596223683,5.553103,48.829242,"aspis"
2596403324,8.63778,45.693714,"francisciredi"
2609097171,-0.330573,42.956404,"zinnikeri"
2609106532,8.257151,46.93764,"francisciredi"
2609135261,8.794372,44.595904,"francisciredi"
2609286641,9.01604,44.71871,"francisciredi"
2609338361,10.986384,43.07983,NA
2609339294,7.386383,44.178455,"francisciredi"
2610942656,7.688299,45.792487,"francisciredi"
2610947765,6.524138,44.01937,"francisciredi"
2610948983,0.421838,42.66474,"zinnikeri"
2619879589,2.0235,41.931274,"zinnikeri"
2641483699,11.292153,46.229362,"francisciredi"
2802606228,6.929924,44.054026,"francisciredi"
2802631152,17.346655,40.640804,"hugyi"
2802891173,6.854425,43.705593,"francisciredi"
2802990192,0.761358,42.687773,"zinnikeri"
2813867833,12.878244,42.063986,NA
2813886997,7.508615,45.790959,"francisciredi"
2814332494,11.433173,46.239683,"francisciredi"
2814370547,11.351404,46.266068,"francisciredi"
2818523153,8.826052,45.90164,"francisciredi"
2818648493,8.188611,44.1775,"francisciredi"
2823169329,7.328133,45.5827,"francisciredi"
2823375626,7.198888,44.875519,"francisciredi"
2823406414,10.71072,46.29918,"francisciredi"
2826340230,10.97936,46.417549,"francisciredi"
2826493620,-2.0364,46.762884,"aspis"
2832142329,0.15,42.83,"zinnikeri"
2832210629,-0.22419,42.90159,"zinnikeri"
2832419032,5.803961,46.500758,"aspis"
2832569105,5.74,48.53,"aspis"
2832899498,6.097798,46.140192,"aspis"
2833047428,6.07338,44.994166,"aspis"
2833348047,-1,42.8,"zinnikeri"
2834315209,3.590668,44.331833,"aspis"
2834570693,0.32474,44.794445,"zinnikeri"
2835188981,1.154079,46.798884,"aspis"
2835515099,5.571055,44.819564,"aspis"
2835747568,15.053307,37.699502,"hugyi"
2835883176,-0.4,42.4,"zinnikeri"
2836254276,7.945061,44.471581,"francisciredi"
2837082394,7.399932,45.593725,"francisciredi"
2837190452,-0.478118,43.062604,"zinnikeri"
2837574139,2.127223,42.647446,"zinnikeri"
2837934085,3.197694,43.760944,"zinnikeri"
2838321282,-1.55,42.75,"zinnikeri"
2839082086,5.72,48.7,"aspis"
2839240860,6.759836,45.388286,"francisciredi"
2839419500,6.86494,45.663306,"francisciredi"
2840393100,6.740137,45.458783,"francisciredi"
2840414614,5.740938,46.226925,"aspis"
2840996469,2.128133,42.64594,"zinnikeri"
2841078724,1.6873,42.697399,"zinnikeri"
2841106088,0.95,42.5,"zinnikeri"
2841118884,-0.203429,42.295454,"zinnikeri"
2841721312,7.258717,47.941319,"aspis"
2841802281,-0.479362,43.064031,"zinnikeri"
2842077689,11.31,46.35,"francisciredi"
2842673529,5.168778,44.539528,"aspis"
2842814263,4.07597,44.608716,"aspis"
2843382771,5.740973,46.227021,"aspis"
2843391056,16.812744,40.614056,"hugyi"
2843735023,-1.55,42.9,"zinnikeri"
2844442658,1.188132,46.79516,"aspis"
2844676821,-0.95,42.85,"zinnikeri"
2845282390,-1.6,42.65,"zinnikeri"
2850740779,3.644807,43.663784,"aspis"
2850776568,7.499067,46.119534,"francisciredi"
2850884644,6.346293,46.827541,"francisciredi"
2851034645,7.576883,45.547612,"francisciredi"
2851083572,7.551404,45.500643,"francisciredi"
2851259595,6.409335,47.194993,"francisciredi"
2859946795,7.145146,45.46244,"francisciredi"
2860180015,13.790082,41.808807,"hugyi"
2864794883,17.202071,40.741217,"hugyi"
2873755958,0.552495,42.619836,"zinnikeri"
2882944529,-1.617065,42.805765,"zinnikeri"
2882984643,-1.616975,42.805702,"zinnikeri"
2898422670,11.072894,46.014534,"francisciredi"
2901781139,11.616687,46.552793,"francisciredi"
2963959568,6.864413,47.431762,"francisciredi"
2988315148,8.822187,44.558653,"francisciredi"
2988476957,3.825575,43.792073,"aspis"
2988477978,3.660185,43.624034,"aspis"
2988509018,2.385208,42.849785,"zinnikeri"
2988561911,10.985353,46.332652,"francisciredi"
3014093206,11.962421,42.083797,NA
3031716583,10.807777,46.124195,"francisciredi"
3039382048,7.938034,45.127424,"francisciredi"
3044693068,11.705412,43.816212,"francisciredi"
3044840695,0.898526,42.622825,"zinnikeri"
3044850768,0.898526,42.622825,"zinnikeri"
3044943819,7.967521,45.139305,"francisciredi"
3061739562,6.733617,44.333114,"francisciredi"
3067636090,6.944978,46.00184,"francisciredi"
3070262707,9.676167,46.224387,"francisciredi"
3070347549,12.796075,41.760164,NA
3070464578,13.707534,42.402478,"hugyi"
3070718063,9.63207,45.772777,"francisciredi"
3079593444,12.095637,42.216607,NA
3079650111,4.548683,45.25335,"aspis"
3079743390,12.623347,42.198189,NA
3079813899,10.916938,45.940972,"francisciredi"
3079852629,7.975376,44.053708,"francisciredi"
3079871788,7.747064,44.161354,"francisciredi"
3079894561,-2.810157,42.912675,"zinnikeri"
3090573256,7.932757,45.136083,"francisciredi"
3090785703,6.197652,46.07809,"aspis"
3090955338,1.226073,46.192257,"aspis"
3096990170,11.065579,46.088238,"francisciredi"
3109021065,2.056819,47.892804,"aspis"
3109071727,10.983599,43.080054,NA
3109147334,10.728285,45.860574,"francisciredi"
3109246516,4.473365,45.261043,"aspis"
3112365562,7.822654,46.377098,"francisciredi"
3112601696,10.928597,46.009236,"francisciredi"
3113248945,6.184448,46.133284,"aspis"
3113387631,6.058795,46.042245,"aspis"
3113497683,12.832464,42.057417,NA
3113552102,0.14264,42.923928,"zinnikeri"
3117814601,8.362903,44.250433,"francisciredi"
3118196709,0.71476,44.935807,"aspis"
3124561693,0.191948,42.706825,"zinnikeri"
3124572539,1.376682,43.649423,"zinnikeri"
3124583575,5.336896,44.022824,"aspis"
3124656787,0.400161,43.791013,"zinnikeri"
3124749543,6.371069,45.386064,"francisciredi"
3301789061,5.457755,45.940027,"aspis"
3301955932,10.815423,45.841072,"francisciredi"
3302008048,1.134713,42.924105,"zinnikeri"
3302096158,-0.51456,42.751054,"zinnikeri"
3302538710,3.080286,45.034442,"aspis"
3307158129,7.495328,45.691025,"francisciredi"
3307248462,7.890958,45.758654,"francisciredi"
3307280304,7.944377,45.78444,"francisciredi"
3307294267,7.979535,45.614235,"francisciredi"
3307308296,7.876112,45.652106,"francisciredi"
3307392027,10.877564,45.932071,"francisciredi"
3307495407,1.062764,42.899489,"zinnikeri"
3314488473,7.185431,46.128865,"francisciredi"
3314494075,8.422989,46.425703,"francisciredi"
3320857249,11.507966,46.289569,"francisciredi"
3321201254,10.858404,46.076908,"francisciredi"
3325815016,8.086034,46.315671,"francisciredi"
3327716805,7.385975,44.174222,"francisciredi"
3327734048,8.193837,46.232954,"francisciredi"
3327760775,7.385383,44.179628,"francisciredi"
3328014006,8.748477,44.57049,"francisciredi"
3330683254,7.181657,45.092845,"francisciredi"
3333082013,6.730954,44.251533,"francisciredi"
3333185472,6.778605,45.73896,"francisciredi"
3333201444,6.779118,45.738147,"francisciredi"
3333280667,2.289374,42.362668,"zinnikeri"
3335135143,7.354253,45.083921,"francisciredi"
3337477342,5.453405,44.39532,"aspis"
3337995704,0.772145,44.830686,"aspis"
3338011844,3.81151,43.778924,"aspis"
3338080620,10.4005,46.799878,"francisciredi"
3355220287,5.615662,45.196832,"aspis"
3355327776,0.526379,45.434623,"aspis"
3355719066,5.61423,45.190849,"aspis"
3355721709,6.129195,46.037633,"aspis"
3355751427,11.275077,44.381284,"francisciredi"
3384126374,10.989593,45.830512,"francisciredi"
3384173839,6.851933,45.621513,"francisciredi"
3384194895,7.053982,44.893308,"francisciredi"
3384261685,18.006323,40.323528,"hugyi"
3384318608,7.13387,44.377362,"francisciredi"
3384348454,-2.672621,42.833361,"zinnikeri"
3384763549,7.052517,45.963475,"francisciredi"
3385173511,5.231611,44.101557,"aspis"
3391500975,10.644779,46.171761,"francisciredi"
3391518220,11.03882,46.021837,"francisciredi"
3399239577,7.221471,45.05179,"francisciredi"
3407944893,12.929233,45.625307,"francisciredi"
3415794296,2.518423,48.416673,"aspis"
3416001460,10.541689,43.231126,"francisciredi"
3416161408,6.963398,46.319972,"francisciredi"
3416166889,6.450954,46.732068,"francisciredi"
3455573918,13.045946,43.361413,"francisciredi"
3455724072,5.913796,44.746425,"aspis"
3455780725,8.152141,46.382117,"francisciredi"
3455793522,-0.792437,42.884973,"zinnikeri"
3456069236,0.774736,42.631309,"zinnikeri"
3456188482,2.629993,48.408471,"aspis"
3456380686,2.598136,42.334964,"zinnikeri"
3456440639,5.667932,44.536529,"aspis"
3456458262,8.137442,47.791722,NA
3499579893,13.013927,41.356922,NA
3499592623,13.041412,41.321144,NA
3499666973,6.257442,43.790945,"francisciredi"
3698102497,1.588275,42.366453,"zinnikeri"
3698195116,13.708895,41.319564,"hugyi"
3698244648,3.039019,43.934639,"zinnikeri"
3698401716,3.065785,44.237839,"zinnikeri"
3705393898,12.583629,41.697273,NA
3705460202,12.751492,41.856473,NA
3705461730,12.832295,41.869614,NA
3712598001,5.587538,46.03645,"aspis"
3712651364,6.913629,47.576253,"aspis"
3715767542,-1.775846,46.803327,"aspis"
3716827515,5.56,48.82,"aspis"
3717305332,1.357082,46.763976,"aspis"
3717856112,-1.793196,46.706536,"aspis"
3717976512,7.347407,45.59478,"francisciredi"
3720959648,5.351213,44.87273,"aspis"
3721431601,5.95,48.64,"aspis"
3721432161,7.380803,45.595572,"francisciredi"
3721461091,6.201709,44.822376,"francisciredi"
3721733065,5.56,48.82,"aspis"
3721985203,7.380592,45.595867,"francisciredi"
3722395426,6.704653,44.188181,"francisciredi"
3722443910,2.565718,44.763201,"zinnikeri"
3723039134,8.22,45.93,"francisciredi"
3726827878,1.15327,46.003822,"aspis"
3726963980,5.31,44.15,"aspis"
3727541714,6.585143,45.365455,"francisciredi"
3727747136,-2.2,42.9,"zinnikeri"
3728980871,6.810247,45.907298,"francisciredi"
3729246560,-0.45,42.8,"zinnikeri"
3730893470,6.338146,45.491421,"francisciredi"
3731504174,-0.57,42.82,"zinnikeri"
3732580142,2.4,45.87,"aspis"
3732720703,1.455919,42.771233,"zinnikeri"
3742994332,6.813296,47.480229,"francisciredi"
3743004417,15.356192,38.076247,"hugyi"
3743152384,5.508544,45.972936,"aspis"
3743211485,12.420448,41.714244,NA
3743245850,2.405212,41.783218,"zinnikeri"
3747066519,2.754853,47.835381,"aspis"
3747240260,10.908978,45.783522,"francisciredi"
3747332654,-0.424236,46.125344,"aspis"
3759080236,6.155094,49.098479,"aspis"
3759223432,7.43365,45.713662,"francisciredi"
3759247621,1.517761,42.738573,"zinnikeri"
3759353711,8.106523,45.898093,"francisciredi"
3759426432,6.630941,46.512124,"francisciredi"
3759623664,13.1481,41.9314,NA
3759646955,6.088612,46.077803,"aspis"
3759903154,-1.327217,46.004219,"aspis"
3759917861,14.413977,40.819187,"hugyi"
3760136411,-3.926041,42.70483,"aspis"
3760244345,7.260422,47.943265,"aspis"
3760385475,6.640384,46.483603,"francisciredi"
3764092677,10.94798,43.551822,"francisciredi"
3764170147,2.097083,43.43142,"zinnikeri"
3764208920,10.86895,45.816293,"francisciredi"
3764245928,10.816846,45.679851,"francisciredi"
3764506105,12.977488,42.466279,NA
3772451084,13.251845,41.845815,NA
3772885434,13.491688,41.469836,NA
3772964570,4.047776,45.910589,"aspis"
3772967797,10.976568,45.803886,"francisciredi"
3773000056,2.577035,48.393782,"aspis"
3773446303,0.979978,45.361741,"aspis"
3773455994,7.079988,46.172424,"francisciredi"
3773478784,10.828573,45.869593,"francisciredi"
3784883536,8.791957,44.588243,"francisciredi"
3784975025,10.526575,45.995288,"francisciredi"
3785078120,1.775428,42.16747,"zinnikeri"
3785085133,8.477849,46.086557,"francisciredi"
3802440712,-0.331897,42.820842,"zinnikeri"
3802677863,5.970339,44.089734,"aspis"
3802761915,7.264203,47.937481,"aspis"
3825452326,3.277991,43.918739,"zinnikeri"
3858485111,1.567695,47.149178,"aspis"
3858878570,1.538396,42.611633,"zinnikeri"
3858892622,7.027542,47.270234,"francisciredi"
3858900186,-3.878223,42.756761,"aspis"
3858967420,12.977582,45.62754,"francisciredi"
3859066147,-0.921121,42.787507,"zinnikeri"
3859456094,-0.015031,42.857865,"zinnikeri"
3859598643,10.924092,46.108328,"francisciredi"
3859647456,8.497537,46.155331,"francisciredi"
3859665272,16.019235,41.669549,"hugyi"
3859677098,6.454209,44.469965,"francisciredi"
3859961416,7.339794,45.5886,"francisciredi"
3859968485,3.130251,43.967152,"zinnikeri"
3860431746,1.311762,43.019292,"zinnikeri"
3860583850,8.613162,45.722937,"francisciredi"
3860687860,10.933827,46.113079,"francisciredi"
3872899991,10.299386,42.333523,NA
3873938790,8.823166,45.857767,"francisciredi"
3874031526,3.710932,47.979227,"aspis"
3874132773,10.78053,42.851531,NA
3881423941,12.077699,42.133846,NA
3881733024,13.090777,41.839194,NA
3881826596,7.859244,46.395322,"francisciredi"
3888718250,0.531545,42.55958,"zinnikeri"
3888885925,2.719146,48.218045,"aspis"
3888895174,13.231479,41.95621,NA
3892364592,12.660893,41.971207,NA
3892407036,7.64905,46.416832,"francisciredi"
3892480849,1.133732,45.446026,"aspis"
3892522734,12.025137,42.277763,NA
3892523849,1.03994,42.490377,"zinnikeri"
3892561567,12.727406,42.026905,NA
3892562914,13.052276,41.897009,NA
3892591066,1.820391,44.642012,"zinnikeri"
3892645875,12.154623,42.107611,NA
3902273876,2.81165,43.597547,"zinnikeri"
3902414841,3.744878,43.889986,"aspis"
3902510830,0.381639,45.470147,"aspis"
3902662663,3.366154,44.341509,"zinnikeri"
3902832916,6.887337,45.964467,"francisciredi"
3902993201,13.961466,41.767904,"hugyi"
3903031053,0.977877,42.98822,"zinnikeri"
3903048904,0.382088,45.469805,"aspis"
3903057049,0.095665,42.781964,"zinnikeri"
3903113190,3.713699,43.673533,"aspis"
3903137006,7.181943,45.039988,"francisciredi"
3903210292,1.921236,43.03206,"zinnikeri"
3903224372,3.833533,43.793371,"aspis"
3903290702,2.846436,43.633766,"zinnikeri"
3903373860,7.198944,45.462044,"francisciredi"
3903425225,1.088961,43.024202,"zinnikeri"
3903459128,3.831456,43.792691,"aspis"
3903463575,1.11927,43.001689,"zinnikeri"
3903476766,2.926784,44.757816,"zinnikeri"
3903482434,3.831465,43.792689,"aspis"
3903539483,1.244955,45.94535,"aspis"
3904122149,5.55,48.82,"aspis"
3904147109,-0.95,42.75,"zinnikeri"
3904273048,13.11,45.78,"francisciredi"
3906712267,2.173853,45.888308,"aspis"
3912126146,-1.969645,48.557514,"aspis"
3912229941,4.503962,44.191109,"aspis"
3912293359,6.083111,49.114674,"aspis"
3912344153,7.182694,45.039892,"francisciredi"
3912474739,7.041613,44.77448,"francisciredi"
3912482403,-3.792164,42.778711,"aspis"
3923547400,3.674076,43.675665,"aspis"
3923615967,3.730456,43.685207,"aspis"
3923737518,2.349784,42.316064,"zinnikeri"
3923738560,3.403649,44.263635,"zinnikeri"
3925405615,3.815101,44.547902,"aspis"
3925410494,-1.973538,48.557067,"aspis"
3925447215,-1.970083,48.557491,"aspis"
3947458323,0.016428,47.682667,"aspis"
3947550521,-0.394852,42.882134,"zinnikeri"
3947695072,7.042526,45.068222,"francisciredi"
3961152470,5.011852,44.77333,"aspis"
3961310449,5.904351,46.486036,"aspis"
3961318686,3.278598,43.884317,"zinnikeri"
3961507705,3.621026,43.65073,"aspis"
3963383873,0.816465,42.811604,"zinnikeri"
3963404852,6.876336,43.935378,"francisciredi"
3966374037,11.863097,43.865864,"francisciredi"
3966617354,3.614192,43.644298,"aspis"
3985607106,3.36109,43.86006,"zinnikeri"
3985608110,3.36109,43.86006,"zinnikeri"
3985611212,3.615645,43.648422,"aspis"
3985612135,3.36109,43.86006,"zinnikeri"
3985619103,3.36109,43.86006,"zinnikeri"
3985623157,3.278598,43.884317,"zinnikeri"
3985626227,3.252253,43.833403,"zinnikeri"
3985627278,3.37036,43.839758,"zinnikeri"
3985628081,3.36109,43.86006,"zinnikeri"
3985630086,3.405005,43.966851,"zinnikeri"
3985630298,3.483776,43.784931,"zinnikeri"
3985633152,3.278598,43.884317,"zinnikeri"
3985638171,3.672342,43.674143,"aspis"
3985639202,3.672342,43.674143,"aspis"
3985643261,3.37036,43.839758,"zinnikeri"
3985645081,3.36109,43.86006,"zinnikeri"
3985648296,3.615645,43.648422,"aspis"
3985657168,3.672342,43.674143,"aspis"
3985658233,3.672342,43.674143,"aspis"
3985662193,3.278548,43.885215,"zinnikeri"
3985666159,3.672342,43.674143,"aspis"
3985667192,3.278598,43.884317,"zinnikeri"
3985669078,3.36109,43.86006,"zinnikeri"
3985669170,3.37036,43.839758,"zinnikeri"
3985672020,3.36109,43.86006,"zinnikeri"
3985673107,3.36109,43.86006,"zinnikeri"
3985673184,3.278598,43.884317,"zinnikeri"
3985675197,3.615645,43.648422,"aspis"
3985687154,3.37036,43.839758,"zinnikeri"
3985687160,3.672342,43.674143,"aspis"
3985688168,3.37036,43.839758,"zinnikeri"
3985691292,3.36109,43.86006,"zinnikeri"
3985695196,3.672342,43.674143,"aspis"
3985696231,3.37036,43.839758,"zinnikeri"
3985699172,3.395766,43.814494,"zinnikeri"
3985727234,3.37036,43.839758,"zinnikeri"
3985739215,3.672342,43.674143,"aspis"
3985740265,3.615645,43.648422,"aspis"
3985742208,3.672342,43.674143,"aspis"
3985744195,3.278598,43.884317,"zinnikeri"
3985750135,3.36109,43.86006,"zinnikeri"
3985750232,3.615645,43.648422,"aspis"
3985753183,3.615645,43.648422,"aspis"
3985762186,3.672342,43.674143,"aspis"
3985773144,3.37036,43.839758,"zinnikeri"
3985781282,3.615645,43.648422,"aspis"
3985784185,3.253707,43.83493,"zinnikeri"
3985784413,3.137983,43.758995,"zinnikeri"
3985788489,2.129026,42.657804,"zinnikeri"
3985792252,3.023252,44.012029,"zinnikeri"
3985793425,3.111079,43.635184,"zinnikeri"
3985794453,2.502584,42.41026,"zinnikeri"
3985795358,7.15052,45.484672,"francisciredi"
3985797312,3.36109,43.86006,"zinnikeri"
3985798306,3.36109,43.86006,"zinnikeri"
3985801351,3.048244,43.691171,"zinnikeri"
3985805260,3.615645,43.648422,"aspis"
3985812324,3.615645,43.648422,"aspis"
3985816490,2.975597,43.611552,"zinnikeri"
3985817218,7.33567,44.105158,"francisciredi"
3985827271,3.672342,43.674143,"aspis"
3985827313,3.453566,43.789336,"zinnikeri"
3985828137,3.814839,44.547994,"aspis"
3985830442,1.868748,42.631043,"zinnikeri"
3985831465,-0.62966,44.706047,"zinnikeri"
3985834350,3.672342,43.674143,"aspis"
3985835400,6.690021,45.330229,"francisciredi"
3985838219,3.615645,43.648422,"aspis"
3985838421,3.803885,43.730544,"aspis"
3985841290,3.36109,43.86006,"zinnikeri"
3985842407,3.536653,43.821053,"aspis"
3985853306,4.348998,44.249824,"aspis"
3985854292,3.615645,43.648422,"aspis"
3985860397,1.863002,42.661099,"zinnikeri"
3985863522,2.975597,43.611552,"zinnikeri"
3985871244,3.672342,43.674143,"aspis"
3985873239,3.615645,43.648422,"aspis"
3985874313,4.348998,44.249824,"aspis"
3985874348,3.36109,43.86006,"zinnikeri"
3985876247,3.615645,43.648422,"aspis"
3985878268,3.026338,43.692903,"zinnikeri"
3985878270,3.672342,43.674143,"aspis"
3985878519,2.979159,43.614263,"zinnikeri"
3985879227,3.615645,43.648422,"aspis"
3985880271,3.094197,43.688151,"zinnikeri"
3985885535,-0.628748,44.704054,"zinnikeri"
3985888545,2.975597,43.611552,"zinnikeri"
3985893325,3.615645,43.648422,"aspis"
3985893331,3.672342,43.674143,"aspis"
3985899262,3.672342,43.674143,"aspis"
3985902210,1.382248,45.946962,"aspis"
3985905343,3.672342,43.674143,"aspis"
3985907364,3.027626,43.692764,"zinnikeri"
3985912279,3.615645,43.648422,"aspis"
3985917333,3.672342,43.674143,"aspis"
3985917340,3.36109,43.86006,"zinnikeri"
3985922238,3.038537,43.696176,"zinnikeri"
3985926267,7.263345,44.157712,"francisciredi"
3985928381,1.84153,42.641056,"zinnikeri"
3985929426,3.454002,43.79233,"zinnikeri"
3985930542,1.866987,42.723828,"zinnikeri"
3985933392,1.807463,42.72928,"zinnikeri"
3985933481,3.672342,43.674143,"aspis"
3985938322,4.348998,44.249824,"aspis"
3985950440,1.952928,42.659014,"zinnikeri"
3985958295,3.672342,43.674143,"aspis"
3985969331,3.36109,43.86006,"zinnikeri"
3986004102,3.36109,43.86006,"zinnikeri"
3986013140,3.36109,43.86006,"zinnikeri"
3986020268,3.672342,43.674143,"aspis"
3986023083,3.36109,43.86006,"zinnikeri"
3986025354,3.615645,43.648422,"aspis"
3986027318,3.36109,43.86006,"zinnikeri"
3986029149,3.274618,43.865339,"zinnikeri"
3986065201,3.672342,43.674143,"aspis"
3986083119,3.36109,43.86006,"zinnikeri"
3986085271,3.36109,43.86006,"zinnikeri"
3986089225,3.672342,43.674143,"aspis"
3986098104,3.278598,43.884317,"zinnikeri"
3986103210,3.672342,43.674143,"aspis"
3986134179,3.37036,43.839758,"zinnikeri"
3986134189,3.672342,43.674143,"aspis"
3986136286,3.36109,43.86006,"zinnikeri"
3986137097,3.36109,43.86006,"zinnikeri"
3986139313,3.75084,44.40837,"aspis"
3986139317,3.615645,43.648422,"aspis"
3986149323,7.31907,44.131135,"francisciredi"
3986151141,3.36109,43.86006,"zinnikeri"
3986155164,3.36109,43.86006,"zinnikeri"
3986157320,3.615645,43.648422,"aspis"
3986159262,3.672342,43.674143,"aspis"
3986163075,3.36109,43.86006,"zinnikeri"
3986209100,3.36109,43.86006,"zinnikeri"
3986209284,3.672342,43.674143,"aspis"
3986215194,3.278598,43.884317,"zinnikeri"
3986215205,3.672342,43.674143,"aspis"
3986216160,3.37036,43.839758,"zinnikeri"
3986218207,3.252505,43.834807,"zinnikeri"
3986221105,3.36109,43.86006,"zinnikeri"
3986242401,3.133318,43.626567,"zinnikeri"
3986247548,1.939729,42.761068,"zinnikeri"
3986248418,3.453566,43.789336,"zinnikeri"
3986251171,3.012882,43.705059,"zinnikeri"
3986257304,4.348998,44.249824,"aspis"
3986261421,2.977883,43.611987,"zinnikeri"
3986265335,3.672342,43.674143,"aspis"
3986267346,3.36109,43.86006,"zinnikeri"
3986269445,1.936372,42.670787,"zinnikeri"
3986273282,2.939616,43.687829,"zinnikeri"
3986274191,3.065241,43.730551,"zinnikeri"
3986276317,3.36109,43.86006,"zinnikeri"
3986284359,3.36109,43.86006,"zinnikeri"
3986287255,3.36109,43.86006,"zinnikeri"
3986290307,3.672342,43.674143,"aspis"
3986293267,3.36109,43.86006,"zinnikeri"
3986300319,3.335886,43.808517,"zinnikeri"
3986303226,3.363808,43.848695,"zinnikeri"
3986308526,1.880877,42.767906,"zinnikeri"
3986312519,1.933969,42.680121,"zinnikeri"
3986319278,3.615645,43.648422,"aspis"
3986322384,3.453566,43.789336,"zinnikeri"
3986324270,3.380387,43.814643,"zinnikeri"
3986326308,3.672342,43.674143,"aspis"
3986327266,3.615645,43.648422,"aspis"
3986391439,-1.981782,48.573292,"aspis"
3988454823,3.14598,43.811783,"zinnikeri"
3988608247,4.639363,45.418124,"aspis"
3994095171,-0.066195,42.902632,"zinnikeri"
3994176624,3.141353,43.758568,"zinnikeri"
3994253632,3.606353,43.720793,"aspis"
3995802323,1.25832,47.49363,"aspis"
3997160727,12.215146,42.905538,NA
4006655082,10.749594,42.985182,NA
4006764955,11.262653,44.380938,"francisciredi"
4014936230,2.636082,48.42714,"aspis"
4015101286,7.270982,45.282644,"francisciredi"
4021946669,2.742185,43.045544,"zinnikeri"
4028675781,3.251471,43.833585,"zinnikeri"
4028679249,3.25126,43.833565,"zinnikeri"
4028707715,3.251207,43.833551,"zinnikeri"
4028738780,3.251035,43.83367,"zinnikeri"
4028795710,3.251749,43.833539,"zinnikeri"
4028847267,7.28772,45.220228,"francisciredi"
4028866723,3.250893,43.833618,"zinnikeri"
4028946548,3.251725,43.83357,"zinnikeri"
4028994358,3.251422,43.833492,"zinnikeri"
4029128697,3.251404,43.833601,"zinnikeri"
4029159837,3.25122,43.833651,"zinnikeri"
4029220938,-1.968484,48.552151,"aspis"
4029315687,-1.967711,48.552957,"aspis"
4034723632,1.934988,42.337605,"zinnikeri"
4034990407,3.217468,44.1941,"zinnikeri"
4039475965,2.680959,48.389364,"aspis"
4056002162,2.399233,42.533603,"zinnikeri"
4056008252,11.524068,46.873019,"francisciredi"
4056105649,6.436945,44.87969,"francisciredi"
4056148913,2.127863,42.646555,"zinnikeri"
4056151362,1.86041,42.54948,"zinnikeri"
4056214832,2.469931,46.205144,"aspis"
4056226939,1.94227,45.487125,"aspis"
4056243235,1.307749,46.799601,"aspis"
4056390605,2.466643,46.203863,"aspis"
4056414589,10.889013,45.739433,"francisciredi"
4056428654,-2.152594,46.883923,"aspis"
4056442635,-2.152343,46.883465,"aspis"
4056656750,-2.148922,46.875515,"aspis"
4056814606,-1.290786,47.450791,"aspis"
4062762926,3.672342,43.674143,"aspis"
4062805958,3.672342,43.674143,"aspis"
4062863983,3.672342,43.674143,"aspis"
4062999018,3.672342,43.674143,"aspis"
4063009325,1.297873,42.72147,"zinnikeri"
4063041000,3.672342,43.674143,"aspis"
4063088960,3.672342,43.674143,"aspis"
4063094219,3.674944,43.67507,"aspis"
4067304173,13.238151,41.764128,NA
4067537581,6.284427,43.604722,"francisciredi"
4075747424,7.20008,45.741455,"francisciredi"
4075808390,6.183263,46.021917,"aspis"
4075876076,2.555784,48.385193,"aspis"
4075954017,2.555784,48.385193,"aspis"
4076225485,1.083178,47.793413,"aspis"
4076347617,11.037261,43.260612,"francisciredi"
4080544735,7.222387,47.951091,"aspis"
4080766572,3.364938,43.868815,"zinnikeri"
4080820638,4.972264,44.373854,"aspis"
4080981152,-3.755538,42.827412,"aspis"
4091384485,3.030458,45.698844,"aspis"
4091469106,-0.065354,43.810259,"zinnikeri"
4091860784,14.222924,41.445373,"hugyi"
4091898012,3.259905,43.970741,"zinnikeri"
4096397786,6.746853,46.110322,"francisciredi"
4096439063,3.306112,43.979515,"zinnikeri"
4096752251,1.13408,45.446933,"aspis"
4096760273,1.13656,45.443436,"aspis"
4096824077,12.28292,41.947309,NA
4096850121,2.57561,48.338452,"aspis"
4096886438,-2.580475,42.372068,"zinnikeri"
4102658878,16.031644,41.755276,"hugyi"
4102787288,2.65323,43.180155,"zinnikeri"
4102886496,1.639331,44.839154,"aspis"
4102944373,6.12216,45.694646,"aspis"
4111624926,1.686081,44.968191,"aspis"
4111810937,10.834822,45.941099,"francisciredi"
4111839624,2.368238,48.486667,"aspis"
4111900040,10.65299,43.082318,NA
4111946574,9.152929,44.591169,"francisciredi"
4111949568,2.359833,48.487705,"aspis"
4112018801,11.803501,46.156201,"francisciredi"
4112049531,6.896539,46.492634,"francisciredi"
4112220603,-2.71106,42.118131,"zinnikeri"
4116561970,13.38142,42.545116,NA
4116619633,12.979323,42.38073,NA
4116640130,-1.719217,42.930139,"zinnikeri"
4121486829,13.398421,46.274861,"francisciredi"
4126677199,-3.166638,41.209661,NA
4127044615,14.381752,41.361802,"hugyi"
4127071908,7.303338,47.879894,"aspis"
4129793960,12.326656,42.654867,NA
4129942281,7.930194,44.187811,"francisciredi"
4133592111,-1.339455,45.928883,"aspis"
4133819000,10.725965,45.860732,"francisciredi"
4133981069,6.042658,45.543754,"aspis"
4134032908,2.467005,41.678965,"zinnikeri"
4137580826,11.549227,43.526995,"francisciredi"
4137868461,7.349128,47.81121,"aspis"
4138114035,2.354002,45.180392,"aspis"
4138172365,10.889866,45.787427,"francisciredi"
4138254662,6.866195,43.640958,"francisciredi"
4138497081,3.60753,43.660404,"aspis"
4138516881,5.676814,44.723667,"aspis"
4138529327,7.342762,47.958242,"aspis"
4145210741,17.203489,40.744756,"hugyi"
4145282035,6.520954,44.900716,"francisciredi"
4145286219,2.600153,42.55423,"zinnikeri"
4145308295,-0.615043,44.971396,"aspis"
4145365032,11.1805,46.075444,"francisciredi"
4145417504,7.398283,45.593043,"francisciredi"
4153795389,10.639443,45.951371,"francisciredi"
4153844403,8.221839,46.334878,"francisciredi"
4153856486,6.541081,44.860489,"francisciredi"
4153958680,7.242078,46.497943,"francisciredi"
4153986962,8.301221,46.293294,"francisciredi"
4155841267,3.527696,44.213168,"aspis"
4156805596,1.228632,46.67862,"aspis"
4157009937,5.712719,48.299811,"aspis"
4157202184,6.02,49.01,"aspis"
4157352461,-3.1,42.6,"aspis"
4158345347,1.0625,47.480036,"aspis"
4158847399,2.46,46.2,"aspis"
4159095850,-0.15,42.65,"zinnikeri"
4161980058,11.099621,46.062631,"francisciredi"
4162039640,6.954273,45.869487,"francisciredi"
4162416865,12.547721,42.700835,NA
4162619335,11.585771,42.831719,NA
4165683949,-1.971541,48.557799,"aspis"
4165835666,6.346463,43.736449,"francisciredi"
4165868641,12.789557,41.731731,NA
4171355127,7.347432,44.176568,"francisciredi"
4171391302,12.43618,41.959711,NA
4171436503,7.284406,45.118702,"francisciredi"
4171515819,13.69485,41.695535,"hugyi"
4171758069,7.294466,47.847928,"aspis"
4171764438,11.310083,45.988975,"francisciredi"
4171868886,12.270897,46.051017,"francisciredi"
4171984041,2.776854,48.343537,"aspis"
4172107399,7.393498,47.802553,"aspis"
4172155866,7.284439,47.820163,"aspis"
4172159013,2.757161,48.599015,"aspis"
4172168053,8.633408,46.504459,"francisciredi"
4172171767,7.128691,46.176906,"francisciredi"
4172182977,2.776854,48.343537,"aspis"
4176932688,2.440011,46.263933,"aspis"
4177030635,3.269173,43.842228,"zinnikeri"
4177137831,3.767754,43.781734,"aspis"
4177145184,3.675996,43.755644,"aspis"
4177236831,3.269173,43.842228,"zinnikeri"
4177283840,0.988536,42.491582,"zinnikeri"
4177299051,3.269173,43.842228,"zinnikeri"
4177307982,3.364609,43.868662,"zinnikeri"
4177380003,3.378443,43.933119,"zinnikeri"
4177380006,3.494143,43.695444,"zinnikeri"
4177402831,3.364609,43.868662,"zinnikeri"
4177499959,7.723528,45.574248,"francisciredi"
4399872290,-0.695583,42.852845,"zinnikeri"
4399932721,2.528438,42.333317,"zinnikeri"
4399981544,6.782588,45.059473,"francisciredi"
4400103650,15.087858,41.009213,"hugyi"
4400161975,2.163022,42.744163,"zinnikeri"
4400364119,1.235223,42.685926,"zinnikeri"
4400425953,10.811945,42.775122,NA
4400501941,0.648715,42.541225,"zinnikeri"
4405052047,11.654627,43.933056,"francisciredi"
4405123027,7.618598,45.76894,"francisciredi"
4405226878,6.066402,46.181333,"aspis"
4405374015,0.717525,44.953087,"aspis"
4407192996,7.260719,47.944388,"aspis"
4407427660,12.946203,45.621413,"francisciredi"
4407486837,0.576329,42.609872,"zinnikeri"
4407534568,1.255497,42.892946,"zinnikeri"
4407632679,14.0464,42.22492,"hugyi"
4410449225,0.1,42.6,"zinnikeri"
4413709541,7.480332,45.110457,"francisciredi"
4413745833,7.122714,45.048865,"francisciredi"
4413817473,-2.817376,42.409635,"zinnikeri"
4413825909,5.970643,46.827838,"aspis"
4413986519,9.653883,44.337983,"francisciredi"
4413994723,2.666138,48.282567,"aspis"
4414250010,1.637874,44.893658,"aspis"
4414278216,4.265796,44.613018,"aspis"
4414374588,1.289684,42.623022,"zinnikeri"
4416725552,7.04213,44.774485,"francisciredi"
4416784134,10.178469,44.075109,"francisciredi"
4420757912,6.769113,43.817851,"francisciredi"
4420823611,-2.736254,42.794388,"zinnikeri"
4421021338,6.671781,46.511207,"francisciredi"
4421021768,12.810087,42.019981,NA
4424237103,0.539814,42.597011,"zinnikeri"
4424344309,11.04529,46.077106,"francisciredi"
4424681373,1.427317,47.360414,"aspis"
4424703729,11.406454,45.632186,"francisciredi"
4430472598,10.5048,42.940589,NA
4430619154,12.06367,42.250606,NA
4430712475,8.380169,45.988439,"francisciredi"
4431162772,7.352729,47.555115,"aspis"
4436112702,3.611621,43.756954,"aspis"
4436134055,3.743604,43.70731,"aspis"
4436140995,2.2551,42.6342,"zinnikeri"
4436151956,3.617744,43.61885,"aspis"
4436232750,3.744258,43.763671,"aspis"
4436276246,2.06064,42.633663,"zinnikeri"
4436419111,3.771352,43.697777,"aspis"
4436421243,3.324788,43.956079,"zinnikeri"
4436435964,3.4439,45.4685,"aspis"
4436450580,3.312626,43.866343,"zinnikeri"
4436450599,3.795426,43.740096,"aspis"
4438839976,-0.23649,43.939471,"zinnikeri"
4438956755,15.550733,40.460157,"hugyi"
4440657621,6.296467,46.287529,"francisciredi"
4440666217,3.762517,43.703198,"aspis"
4440700181,3.828994,43.755496,"aspis"
4440772449,2.674877,48.401107,"aspis"
4440841992,3.717687,43.740144,"aspis"
4440879472,2.67173,48.400588,"aspis"
4440881882,2.670394,48.400486,"aspis"
4440967020,7.25864,47.941837,"aspis"
4440983382,3.604295,43.745512,"aspis"
4442452352,-2.291278,42.664275,"zinnikeri"
4442504278,-1.296111,46.181667,"aspis"
4453784761,2.499902,42.416164,"zinnikeri"
4454055377,3.645381,43.687278,"aspis"
4459295005,-0.3,42.6,"zinnikeri"
4459354367,-2.9,42.6,"zinnikeri"
4459403163,6.02,49.01,"aspis"
4459424705,7.24,47.92,"aspis"
4459467674,-2.9,42.6,"zinnikeri"
4459474217,4.567382,47.426174,"aspis"
4459501248,-1.05,42.75,"zinnikeri"
4459544908,0.2,42.65,"zinnikeri"
4459547673,3.99975,45.815158,"aspis"
4459554321,2.599654,46.117468,"aspis"
4459562510,-2.45,41.95,"zinnikeri"
4459567654,-1.75,42.7,"zinnikeri"
4459567812,-0.55,42.75,"zinnikeri"
4459567948,-1.4,42.65,"zinnikeri"
4459589753,-1.75,42.7,"zinnikeri"
4459589850,0.55,42.65,"zinnikeri"
4459594754,-3.6,43.05,"aspis"
4459594853,-0.1,42.6,"zinnikeri"
4459599441,-3.25,42.95,"aspis"
4459634311,1.973848,43.107025,"zinnikeri"
4459678423,5.25,44.18,"aspis"
4459951611,7.311174,45.67584,"francisciredi"
4459996593,6.573577,44.386108,"francisciredi"
4460089442,0.1,42.6,"zinnikeri"
4460126197,1.75,42.1,"zinnikeri"
4460136357,-3,42.6,"zinnikeri"
4460184156,2,42.3,"zinnikeri"
4460184282,-0.55,42.75,"zinnikeri"
4460185147,-3.45,42.9,"aspis"
4460196217,-2.75,42.8,"zinnikeri"
4460202046,-2.75,42.8,"zinnikeri"
4460342278,-3.6,43.05,"aspis"
4460347220,2.1,41.5,"zinnikeri"
4460360795,11.63113,43.48925,"francisciredi"
4460369117,0.85,42.7,"zinnikeri"
4460380598,7.150769,44.203829,"francisciredi"
4460387725,6.853224,45.93689,"francisciredi"
4460406316,-2.45,41.95,"zinnikeri"
4460406400,0.649534,42.535548,"zinnikeri"
4460450768,14.013189,41.734725,"hugyi"
4460458221,-0.5,42.7,"zinnikeri"
4460531666,12.694378,43.479551,"francisciredi"
4460576952,6.160913,48.641603,"aspis"
4460590258,7.25,47.94,"aspis"
4460618278,1.55,42.45,"zinnikeri"
4460618285,2.45,41.7,"zinnikeri"
4460751601,1.4,42.6,"zinnikeri"
4460784530,0.1,42.55,"zinnikeri"
4460922802,2.5,42.1,"zinnikeri"
4461000509,-3.45,42.9,"aspis"
4461000575,1.65,42.35,"zinnikeri"
4461000729,-1.4,42.65,"zinnikeri"
4461020997,-2.75,42.8,"zinnikeri"
4461111681,-3.6,43.05,"aspis"
4461146402,2.55,42.3,"zinnikeri"
4461182544,0.95,42.55,"zinnikeri"
4461193125,0.65,42.65,"zinnikeri"
4461206677,-2.7,42.8,"zinnikeri"
4461206824,2.6,42.25,"zinnikeri"
4461206874,0.3,42.45,"zinnikeri"
4461207067,2.4,41.75,"zinnikeri"
4461315350,1.178212,46.765747,"aspis"
4461344607,-2.7,42.8,"zinnikeri"
4461344651,-3,42.6,"zinnikeri"
4461344782,-2.45,41.95,"zinnikeri"
4461357780,2.4,41.75,"zinnikeri"
4461357980,0.6,42.65,"zinnikeri"
4461425136,3.665169,46.202968,"aspis"
4461465506,5.98745,48.65284,"aspis"
4461620463,7.25,47.94,"aspis"
4461641966,2.4,41.75,"zinnikeri"
4461649638,2.15,42.3,"zinnikeri"
4461661124,-2.7,42.8,"zinnikeri"
4461709732,2.7,42.05,"zinnikeri"
4461719856,-1.4,42.65,"zinnikeri"
4461751697,0.75,42.7,"zinnikeri"
4461831024,-2.7,42.8,"zinnikeri"
4461831119,-3.6,43.05,"aspis"
4461836958,2.040372,44.827639,"aspis"
4461864052,2.45,41.7,"zinnikeri"
4461895236,2.75449,48.145681,"aspis"
4461970910,2.7,42.05,"zinnikeri"
4462066775,2.25,41.7,"zinnikeri"
4462076798,2,42.3,"zinnikeri"
4462084589,-3,42.35,"zinnikeri"
4462100881,2.45,41.75,"zinnikeri"
4462196783,-2.35,42.6,"zinnikeri"
4462343283,-2.65,42.8,"zinnikeri"
4462369403,-3.4,42.9,"aspis"
4462374551,-2.95,42.75,"zinnikeri"
4462374823,-2.85,42.85,"zinnikeri"
4462444433,-3.6,43.05,"aspis"
4462444513,2,42.3,"zinnikeri"
4462444535,0.3,42.45,"zinnikeri"
4462482301,2.25,41.7,"zinnikeri"
4462517642,0.3,42.45,"zinnikeri"
4465497049,7.327711,48.199265,"aspis"
4465660704,7.744625,44.163759,"francisciredi"
4506369872,1.534138,42.903616,"zinnikeri"
4506510032,3.771466,43.678844,"aspis"
4510302162,7.457741,47.227686,"francisciredi"
4510367300,-1.627471,42.653282,"zinnikeri"
4512278924,8.506622,46.049345,"francisciredi"
4516377349,1.52695,46.841898,"aspis"
4516407052,12.551211,42.509089,NA
4516801041,2.460988,46.201773,"aspis"
4516903880,11.4057,45.632032,"francisciredi"
4519140146,3.724757,43.629636,"aspis"
4519226073,12.420345,41.714224,NA
4522607403,6.69511,46.546619,"francisciredi"
4522659898,3.749951,43.608768,"aspis"
4528039908,11.291469,43.059384,NA
4528096238,3.698137,43.678416,"aspis"
4535572540,-1.971187,48.558508,"aspis"
4535589500,-1.971614,48.557427,"aspis"
4535628579,-1.974313,48.556932,"aspis"
4535681789,1.929714,46.913833,"aspis"
4535724095,3.735657,43.708637,"aspis"
4535742076,2.581693,48.397045,"aspis"
4535742198,3.641135,43.694194,"aspis"
4535749024,2.581699,48.397044,"aspis"
4535760057,2.583475,48.396918,"aspis"
4535799545,-1.96856,48.557574,"aspis"
4535882384,2.756977,47.828705,"aspis"
4536018128,2.581314,48.39709,"aspis"
4596881133,1.33291,45.60849,"aspis"
4597017968,1.37373,45.605871,"aspis"
4597261233,3.417091,44.274828,"zinnikeri"
4597367005,1.367792,45.420879,"aspis"
4597389376,1.25733,45.746228,"aspis"
4597389559,1.937818,46.201835,"aspis"
4597417305,1.364065,42.959627,"zinnikeri"
4597452270,6.171227,46.050454,"aspis"
4597561190,5.435525,45.749145,"aspis"
4597570109,13.085223,41.547152,NA
4597625787,7.376,49.408333,"aspis"
4599878417,-1.973178,48.557027,"aspis"
4599930740,10.911806,45.580707,"francisciredi"
4599953745,10.99281,45.490101,"francisciredi"
4599972666,-1.889878,48.55053,"aspis"
4600053430,6.989855,47.181107,"francisciredi"
4600208791,-1.810836,48.422808,"aspis"
4606590436,2.470316,45.310349,"aspis"
4606762937,-1.339103,45.928755,"aspis"
4606801111,6.147295,46.100118,"aspis"
4606842484,7.263486,47.937203,"aspis"
4606896555,1.125258,42.93415,"zinnikeri"
4606941571,6.783059,46.043234,"francisciredi"
4606997217,-1.241753,47.177925,"aspis"
4607005496,12.580585,42.512737,NA
4607106837,2.777288,48.34235,"aspis"
4607119441,5.888903,46.123296,"aspis"
4607143302,2.777422,48.342596,"aspis"
4607197452,2.775706,48.34161,"aspis"
4607244552,5.891564,46.121963,"aspis"
4607403923,7.259878,47.943415,"aspis"
4607485725,-3.5239,42.729041,"aspis"
4607625364,5.485029,44.695253,"aspis"
4607626857,12.016632,43.267185,"francisciredi"
4607629435,5.891564,46.121963,"aspis"
4846857231,8.818795,45.871021,"francisciredi"
4847080534,2.373252,48.486015,"aspis"
4847169130,10.840178,44.19923,"francisciredi"
4847220919,12.582623,42.610285,NA
4851958545,7.253516,47.945435,"aspis"
4852113806,1.792471,42.470719,"zinnikeri"
4852230212,2.370126,48.511002,"aspis"
4852317265,12.400762,41.772304,NA
4852384497,6.643289,46.454543,"francisciredi"
4852776282,2.666575,48.570045,"aspis"
4852841038,7.259437,47.9415,"aspis"
4852962742,8.48172,46.008529,"francisciredi"
4852971437,13.809873,42.412452,"hugyi"
4853015610,4.252639,44.754546,"aspis"
4853053731,6.894408,44.139783,"francisciredi"
4855026026,5.368757,44.10191,"aspis"
4855043126,5.356676,45.378402,"aspis"
4855307641,3.835556,43.794167,"aspis"
4855386531,6.730993,44.358004,"francisciredi"
4855417270,-1.152777,45.390568,"aspis"
4855435555,2.29478,43.007042,"zinnikeri"
4855562441,-1.203392,44.970242,"aspis"
4863343654,5.563228,48.830287,"aspis"
4863365331,7.006713,47.1681,"francisciredi"
4863434479,5.564895,48.843217,"aspis"
4863469300,-0.611656,46.735792,"aspis"
4863517259,3.138888,43.559101,"zinnikeri"
4863737255,1.68411,44.932038,"aspis"
4863756544,1.483319,42.816423,"zinnikeri"
4863811067,-0.216949,47.486153,"aspis"
4863888402,5.514707,48.95137,"aspis"
4863937485,12.34472,42.535122,NA
4867581433,7.14167,45.210305,"francisciredi"
4867611159,-0.482104,48.002248,"aspis"
4867669523,-0.484127,48.07966,"aspis"
4867729832,3.252709,43.96687,"zinnikeri"
4867730585,-0.504443,42.999628,"zinnikeri"
4872149052,-0.588305,44.421357,"zinnikeri"
4872158743,6.408373,44.663794,"francisciredi"
4872247670,-0.574564,44.513578,"zinnikeri"
4872559971,6.604561,46.155753,"francisciredi"
4874989281,-0.303152,42.818852,"zinnikeri"
4875132225,-0.113088,42.697154,"zinnikeri"
4875174905,1.385469,45.141147,"aspis"
4875214286,11.034361,43.031311,NA
4875249350,-0.287871,42.817046,"zinnikeri"
4875384170,-1.970058,48.557553,"aspis"
4875482264,-3.346582,42.83932,"aspis"
4875549278,2.235254,48.468329,"aspis"
4875573821,1.200768,45.097525,"aspis"
4880764238,11.547496,43.178467,NA
4880770025,15.894276,41.889654,"hugyi"
4881927266,1.305175,46.79758,"aspis"
4882942549,2.635828,48.432872,"aspis"
4883231591,2.635803,48.432863,"aspis"
4884020784,5.954869,48.644836,"aspis"
4888155891,15.784929,38.208538,"hugyi"
4888759844,2.635812,48.432863,"aspis"
4889211921,5.55,48.82,"aspis"
4891287723,2.635828,48.432872,"aspis"
4891679069,2.689536,48.435011,"aspis"
4891770366,7.525066,47.275047,"francisciredi"
4891917940,10.835097,45.887512,"francisciredi"
4891930269,10.13092,45.95235,"francisciredi"
4891958220,-0.11299,42.697258,"zinnikeri"
4892014352,6.808838,45.066462,"francisciredi"
4892042784,-0.303152,42.818852,"zinnikeri"
4892186959,2.689536,48.435011,"aspis"
4900860661,-1.20232,44.978245,"aspis"
4900965497,7.932541,44.781038,"francisciredi"
4901305484,-1.203279,44.969883,"aspis"
4901637698,7.262468,47.937023,"aspis"
4901655593,-1.120797,45.020267,"aspis"
4901766378,-0.325816,42.778051,"zinnikeri"
4901772615,0.34498,48.132005,"aspis"
4901823528,-1.196303,45.028745,"aspis"
4901870484,-1.202455,44.981342,"aspis"
4901877206,-1.203585,44.9693,"aspis"
4902097054,-0.775164,42.899262,"zinnikeri"
4902102309,-2.22752,42.099987,"zinnikeri"
4903800209,1.58622,45.425392,"aspis"
4903969307,2.571484,48.393596,"aspis"
4904072107,2.455512,46.202655,"aspis"
4904241802,6.028542,46.129912,"aspis"
4904299563,2.577339,48.39622,"aspis"
4904311873,9.30172,45.849407,"francisciredi"
4907989969,-0.05801,42.649462,"zinnikeri"
4908198305,12.432477,42.885426,NA
4908202788,9.111114,46.034614,"francisciredi"
4908498695,-0.134599,42.695703,"zinnikeri"
4908525506,7.107718,44.889738,"francisciredi"
4908597074,5.354451,45.376894,"aspis"
4908714920,8.278777,46.763089,"francisciredi"
4908771826,10.46717,46.654278,"francisciredi"
4908803009,8.393378,47.770725,NA
4908875656,6.956799,45.810485,"francisciredi"
4908949364,6.885512,44.36229,"francisciredi"
4908961224,8.253588,46.371457,"francisciredi"
4909113531,10.747122,45.203415,"francisciredi"
4909335040,7.109077,44.888305,"francisciredi"
4910731639,1.791013,42.472628,"zinnikeri"
4910926215,8.190659,46.172384,"francisciredi"
4911063245,-0.724066,45.003847,"aspis"
4911112037,3.527836,44.106407,"aspis"
4919098519,17.322179,40.558612,"hugyi"
4919162968,-0.201555,42.815493,"zinnikeri"
4919324686,-0.29212,42.927607,"zinnikeri"
4919379414,-0.391034,42.96825,"zinnikeri"
4919435331,7.896398,45.495903,"francisciredi"
4919487798,5.762966,48.773347,"aspis"
4919533586,5.797344,48.709671,"aspis"
4921494498,5.518839,48.942154,"aspis"
4921507695,-0.504789,42.811438,"zinnikeri"
4921527567,7.442289,46.65064,"francisciredi"
4921543817,1.173353,46.721238,"aspis"
4921560887,-3.779725,42.771905,"aspis"
4921621556,5.522435,44.282752,"aspis"
4921682434,1.432787,46.87589,"aspis"
4921689455,1.173353,46.721238,"aspis"
4921698677,6.840446,46.089716,"francisciredi"
4921741015,5.599096,48.938701,"aspis"
4921769309,5.480417,48.827655,"aspis"
4921816209,6.117755,49.1191,"aspis"
4921859075,6.118018,49.118475,"aspis"
4921891926,8.396349,47.782617,NA
4921893430,7.06155,45.168754,"francisciredi"
4921959609,1.794474,42.53194,"zinnikeri"
4923668455,-0.108132,42.842355,"zinnikeri"
4923682636,8.274686,45.88481,"francisciredi"
4923700066,-0.288595,42.91305,"zinnikeri"
4923844292,8.296824,45.835899,"francisciredi"
4923934548,7.369028,46.771789,"francisciredi"
4923986328,7.315234,48.194614,"aspis"
4924049472,7.395094,46.791183,"francisciredi"
4924084757,7.265212,47.937949,"aspis"
4925937884,0.013733,47.097861,"aspis"
4925984321,7.280625,45.864828,"francisciredi"
4926156456,5.978484,48.916511,"aspis"
4926231894,0.607567,42.613926,"zinnikeri"
4926348424,5.13994,48.087738,"aspis"
4930406354,5.559247,48.8297,"aspis"
4930936316,5.559172,48.829584,"aspis"
4931577385,5.55,48.82,"aspis"
4931758320,6.032446,49.015083,"aspis"
4932795459,7.08,46.49,"francisciredi"
4932901906,0.875732,45.815037,"aspis"
4933108451,0.875732,45.815037,"aspis"
4933266593,1.104981,42.859372,"zinnikeri"
4933493196,6.03403,49.015507,"aspis"
4933630907,5.55,48.82,"aspis"
4933698629,5.38178,44.908543,"aspis"
4933932342,1.165789,46.776263,"aspis"
4934349015,0.465352,42.559873,"zinnikeri"
4935409244,2.972308,46.454533,"aspis"
4935488934,6.795792,47.430857,"francisciredi"
4935501423,7.84262,45.86472,"francisciredi"
4935756410,7.264111,47.938501,"aspis"
4935879166,6.214787,44.450444,"francisciredi"
4935882436,-0.11838,42.699,"zinnikeri"
4935902310,6.536016,45.317988,"francisciredi"
4935919693,4.836425,44.922334,"aspis"
4935931000,8.571111,46.095725,"francisciredi"
4936010374,2.301444,42.376146,"zinnikeri"
4936060854,12.919006,42.027823,NA
4936206109,-0.540527,48.089724,"aspis"
4936430737,11.435742,44.435461,"francisciredi"
4936444961,7.148668,46.535169,"francisciredi"
4936705960,-0.503494,42.826152,"zinnikeri"
4936809934,2.109804,42.523568,"zinnikeri"
4937006094,6.379476,44.503896,"francisciredi"
4937089557,16.584895,38.973847,"hugyi"
4937111574,12.953208,42.540367,NA
4937235649,1.45805,42.131387,"zinnikeri"
4945495660,1.396628,45.623483,"aspis"
4945627741,14.389578,41.363187,"hugyi"
4945827166,6.53172,44.99667,"francisciredi"
4945906948,10.410598,45.769853,"francisciredi"
4945952153,10.465616,44.117109,"francisciredi"
4945959688,10.202658,42.754836,NA
4946432051,-3.176544,42.654837,"aspis"
4946530129,7.77988,45.609863,"francisciredi"
4946593631,0.127165,42.695156,"zinnikeri"
4946670963,5.088593,44.717052,"aspis"
4946690982,3.87879,43.89043,"aspis"
4950015082,7.037278,44.815471,"francisciredi"
4950037235,12.988192,42.963114,NA
4950083071,-1.761808,47.119069,"aspis"
4950094189,12.988203,42.963143,NA
4950153046,7.256278,44.164243,"francisciredi"
4950518748,10.811268,46.10403,"francisciredi"
4950556213,16.030794,39.933113,"hugyi"
4950598957,-0.309215,47.320338,"aspis"
4950600546,2.170193,41.966393,"zinnikeri"
4952210590,5.354428,46.192097,"aspis"
4952235295,2.608924,48.225416,"aspis"
4952381498,3.614323,43.752218,"aspis"
4952400285,3.717178,43.687744,"aspis"
4952420275,-1.081861,42.914048,"zinnikeri"
4952652135,-1.973478,48.556995,"aspis"
4952714980,7.189243,45.450316,"francisciredi"
4952751920,-1.383923,43.855907,"zinnikeri"
4952770720,-1.334678,45.996063,"aspis"
4952805204,2.560123,48.259281,"aspis"
4952816138,6.002423,49.055381,"aspis"
4952832724,3.621915,43.704417,"aspis"
4952846175,2.715315,48.215099,"aspis"
4952865497,3.722768,43.643998,"aspis"
4952885177,2.77504,48.383051,"aspis"
4952954389,2.585814,48.391456,"aspis"
4953029867,-1.973387,47.041728,"aspis"
4953071104,3.847551,43.702339,"aspis"
4953078755,2.596817,48.255851,"aspis"
4953123844,17.096711,40.662477,"hugyi"
4953134510,2.685148,48.388047,"aspis"
4953137955,2.059508,42.23369,"zinnikeri"
4953175545,2.421629,48.346921,"aspis"
4954253322,3.751364,43.763308,"aspis"
4954427370,3.687989,43.787109,"aspis"
4954451343,2.690958,48.436822,"aspis"
4954532591,3.908915,44.971539,"aspis"
4954721213,5.43763,48.095022,"aspis"
4954738080,3.700219,43.720047,"aspis"
4956350639,7.787912,45.756065,"francisciredi"
4957036406,11.529592,42.757705,NA
4974119530,-0.176501,42.684643,"zinnikeri"
4974173565,2.373058,48.371772,"aspis"
4974247565,-3.295341,42.762835,"aspis"
4976187961,11.809314,45.863786,"francisciredi"
4976574565,3.321095,45.724394,"aspis"
4978418027,-1.451854,47.116363,"aspis"
4978430718,1.520094,44.773296,"zinnikeri"
4978526514,-1.438167,47.15125,"aspis"
4980276585,6.922278,46.001475,"francisciredi"
4980281292,17.139981,40.647607,"hugyi"
4980335277,9.744205,44.508945,"francisciredi"
4982275027,6.741536,45.625924,"francisciredi"
4985604479,13.026873,42.065174,NA
4986114515,7.269663,47.941537,"aspis"
4987608723,2.577549,46.275819,"aspis"
4994177853,1.331997,47.323268,"aspis"
4994226329,11.119878,46.072466,"francisciredi"
4994447873,2.805729,48.359552,"aspis"
4994578085,-3.484342,42.278707,"aspis"
4995603355,12.61319,43.252575,"francisciredi"
4995667234,7.269742,47.941475,"aspis"
4995705020,7.269617,47.941533,"aspis"
5007415196,13.788185,41.805358,"hugyi"
5007459243,5.679073,45.997647,"aspis"
5012824940,7.82279,48.184708,"aspis"
5012940653,3.521805,45.094124,"aspis"
5013058109,11.378282,43.142262,NA
5015550696,8.16636,47.737846,NA
5015940040,7.82279,48.184708,"aspis"
5016519204,7.158435,47.951042,"aspis"
5017828844,7.158435,47.951042,"aspis"
5019784981,11.644773,42.705162,NA
5020539692,9.169681,48.640438,NA
5022412293,7.82279,48.184708,"aspis"
5024037192,7.82279,48.184708,"aspis"
5024196854,7.82279,48.184708,"aspis"
5061250773,6.46,45.98,"francisciredi"
5061601487,13.11,45.78,"francisciredi"
5063282020,6.734104,45.227332,"francisciredi"
5063378953,6.490963,44.817745,"francisciredi"
5063382810,6.479497,44.985982,"francisciredi"
5063582145,4.916468,45.604821,"aspis"
5063786573,2.917212,46.108678,"aspis"
5063810526,6.570985,44.964651,"francisciredi"
5063827952,6.88939,43.749149,"francisciredi"
5063890626,3.670696,43.677308,"aspis"
5064077805,1.998343,44.407195,"zinnikeri"
5064097792,6.588373,45.358905,"francisciredi"
5064115093,2.265107,42.630695,"zinnikeri"
5070003775,-0.292824,42.925219,"zinnikeri"
5070020743,-0.208899,42.893822,"zinnikeri"
5087318181,3.828887,43.961435,"aspis"
5087356469,12.434181,42.383952,NA
5087382020,6.087839,45.532944,"aspis"
5087461804,2.617424,48.386948,"aspis"
5087553879,5.312442,45.736845,"aspis"
5087573326,13.63934,41.745536,"hugyi"
5087595787,0.245063,48.112447,"aspis"
5087709917,0.262121,48.050706,"aspis"
5087808762,0.212992,48.166758,"aspis"
5087983739,5.891564,46.121963,"aspis"
5101422837,2.460911,46.201712,"aspis"
5104309706,4.10344,45.386097,"aspis"
5104445133,10.976397,43.123629,NA
5104506791,6.708877,46.179168,"francisciredi"
5104514999,15.929955,41.655659,"hugyi"
5104579759,6.230327,44.485814,"francisciredi"
5104630851,10.277502,45.074277,"francisciredi"
5108192992,7.254079,47.945456,"aspis"
5108323776,3.262917,43.96235,"zinnikeri"
5108330019,4.975934,45.950885,"aspis"
5108355813,6.114066,46.030287,"aspis"
5108370315,8.92838,45.319214,"francisciredi"
5108446891,2.37155,48.486393,"aspis"
5108453882,2.370747,48.486506,"aspis"
5108473046,0.280229,47.834544,"aspis"
5108495189,2.317945,41.75529,"zinnikeri"
5108517386,6.641431,46.45963,"francisciredi"
5108551503,6.731825,46.461423,"francisciredi"
5108813934,11.25512,43.322144,"francisciredi"
5132065492,2.469448,46.204873,"aspis"
5133186681,5.891564,46.121963,"aspis"
5133340759,7.263476,47.938547,"aspis"
5133346878,7.262035,47.936573,"aspis"
5133362896,0.768372,42.608825,"zinnikeri"
5133373626,-1.589445,47.194233,"aspis"
5133564166,-1.984147,48.579795,"aspis"
5133725363,2.634448,48.309145,"aspis"
5133785538,2.353493,48.404907,"aspis"
5133791798,0.243461,47.917547,"aspis"
5133810455,-1.783759,47.119641,"aspis"
5133940291,5.911596,48.648163,"aspis"
5133960485,2.189095,43.338808,"zinnikeri"
5134286175,5.93386,48.645769,"aspis"
5134298641,0.247257,47.991536,"aspis"
5134343050,12.345352,42.532178,NA
5134418768,2.723567,48.24626,"aspis"
5134464654,-1.973126,48.557036,"aspis"
5134511026,5.891564,46.121963,"aspis"
5134577520,7.267695,47.94461,"aspis"
5134650562,-1.642258,47.204442,"aspis"
5134719742,8.279723,46.876459,"francisciredi"
5134801313,5.437298,48.97565,"aspis"
5134874541,7.262581,47.936715,"aspis"
5134888724,6.219655,44.26513,"francisciredi"
5140047922,5.014532,44.53661,"aspis"
5140182275,2.70162,48.404607,"aspis"
5140251377,2.685801,48.266809,"aspis"
5140461406,8.450103,45.633785,"francisciredi"
5140569113,-0.578063,48.073103,"aspis"
5140595282,10.419823,44.102448,"francisciredi"
5140648959,8.330765,46.729005,"francisciredi"
5140765477,1.723275,42.358777,"zinnikeri"
5140832143,8.342943,46.716831,"francisciredi"
5140883136,11.899037,42.946802,NA
5140898360,11.745562,42.224565,NA
5140908315,10.216503,42.781791,NA
5140924109,7.009897,44.314909,"francisciredi"
5141042328,5.626086,45.309997,"aspis"
5141105479,13.461144,46.268724,"francisciredi"
5153090564,10.885131,43.949164,"francisciredi"
5153093781,7.258076,47.941938,"aspis"
5153194681,6.027144,48.911097,"aspis"
5153211488,-1.060666,47.598832,"aspis"
5153467410,-0.531278,42.783794,"zinnikeri"
5153789932,12.061892,43.021893,NA
5153903252,-1.147264,47.584153,"aspis"
5153950996,11.592187,46.325692,"francisciredi"
5153974250,5.452729,46.153328,"aspis"
5154022937,-0.81241,42.904354,"zinnikeri"
5154064594,7.091328,44.700783,"francisciredi"
5154067074,10.032103,42.683904,NA
5154255345,-0.531278,42.783794,"zinnikeri"
5154495587,6.188248,48.906522,"aspis"
5154517176,11.19737,45.509842,"francisciredi"
5154587789,-0.403265,42.878413,"zinnikeri"
5154695965,2.917892,46.10897,"aspis"
5154727661,-0.422797,42.934059,"zinnikeri"
5154814831,2.169751,47.850526,"aspis"
5154859419,3.127421,45.406144,"aspis"
5154939032,-0.516674,42.618401,"zinnikeri"
5157936696,-1.7,42.9,"zinnikeri"
5158475442,-2.65,42.8,"zinnikeri"
5158689407,10.419081,42.830411,NA
5166864617,10.672524,46.166074,"francisciredi"
5166914955,12.525159,46.059425,"francisciredi"
5167031217,9.312822,44.801172,"francisciredi"
5167053711,0.252008,47.881862,"aspis"
5167140224,0.361626,47.87087,"aspis"
5167225893,13.518583,42.530701,"hugyi"
5167369233,2.681773,48.323096,"aspis"
5167473274,7.960846,44.075713,"francisciredi"
5167541995,16.120583,40.619156,"hugyi"
5167725965,4.10416,46.251628,"aspis"
5168257446,7.259294,47.943542,"aspis"
5168512535,7.537885,45.740569,"francisciredi"
5176377286,6.498558,45.193336,"francisciredi"
5176424193,7.259725,47.944468,"aspis"
5176512529,3.88921,45.65756,"aspis"
5176610491,3.27965,43.852564,"zinnikeri"
5176781856,4.000848,45.616294,"aspis"
5176795747,5.715034,48.710876,"aspis"
5177177616,4.613205,45.308699,"aspis"
5177196135,1.720086,42.454372,"zinnikeri"
5177240930,13.706502,42.378578,"hugyi"
5177247464,15.953305,41.707972,"hugyi"
5187915812,6.473408,45.191393,"francisciredi"
5188242661,-1.479293,47.13107,"aspis"
5188434161,7.261702,47.936697,"aspis"
5198305935,8.763089,44.547356,"francisciredi"
5198490410,-2.726621,42.805254,"zinnikeri"
5199111608,6.951533,44.573963,"francisciredi"
5199239814,10.971554,46.153505,"francisciredi"
5199257468,2.477878,45.311953,"aspis"
5205907840,8.316998,45.896375,"francisciredi"
5206078696,3.726945,44.292778,"aspis"
5206193784,12.345851,43.367749,"francisciredi"
5206196180,6.750253,45.706914,"francisciredi"
5206339351,2.101983,41.829653,"zinnikeri"
5206448096,3.671239,43.677333,"aspis"
5206460772,7.75384,46.365917,"francisciredi"
5206527834,3.715676,44.2804,"aspis"
5206693955,4.217839,45.846364,"aspis"
5215106432,7.336466,45.580284,"francisciredi"
5215164494,7.336466,45.580284,"francisciredi"
5215779550,0.279185,47.820616,"aspis"
5215791323,3.675389,43.671902,"aspis"
5215797827,-1.915534,42.811465,"zinnikeri"
5215865245,7.313122,47.992029,"aspis"
5216194350,9.38178,44.709883,"francisciredi"
5216197631,8.28975,46.233483,"francisciredi"
5216911470,6.921201,45.555957,"francisciredi"
5217008245,11.211617,43.63093,"francisciredi"
5217112704,5.878146,44.120302,"aspis"
5217200539,16.394425,40.762828,"hugyi"
5217216899,11.111977,46.109835,"francisciredi"
5217255490,6.921196,45.555963,"francisciredi"
5217268335,-1.137758,47.562255,"aspis"
5217268672,11.181419,45.866799,"francisciredi"
5217319291,7.310296,47.950261,"aspis"
5217383282,-1.131634,47.516739,"aspis"
5217489664,6.895689,45.291308,"francisciredi"
5218988370,-2.65,42.35,"zinnikeri"
5230588698,-0.391327,42.860921,"zinnikeri"
5230845582,7.090567,46.128039,"francisciredi"
5230857502,8.497011,46.03251,"francisciredi"
5231013336,10.409034,44.422713,"francisciredi"
5231297161,2.615941,48.232152,"aspis"
5231313723,10.461166,44.11418,"francisciredi"
5231603716,-0.391357,42.861469,"zinnikeri"
5231628205,-1.510054,42.913094,"zinnikeri"
5232218319,7.158435,47.951042,"aspis"
5237464813,-1.974478,48.55672,"aspis"
5237473929,2.919152,46.106369,"aspis"
5237476957,6.045196,45.70699,"aspis"
5237529895,2.918505,46.112633,"aspis"
5237583838,-1.079291,47.422656,"aspis"
5237594850,0.28134,47.839268,"aspis"
5237613827,0.2448,47.937718,"aspis"
5237664999,5.151385,45.433294,"aspis"
5237667978,7.604716,46.50252,"francisciredi"
5237698972,2.918793,46.112375,"aspis"
5237734995,2.134686,42.287895,"zinnikeri"
5237814607,6.62773,45.066809,"francisciredi"
5237851925,0.266984,47.935136,"aspis"
5237919878,-0.569452,48.143872,"aspis"
5238008626,6.762177,45.010822,"francisciredi"
5238172791,-1.180264,47.509423,"aspis"
5238232904,0.335927,47.928678,"aspis"
5238406805,-1.156358,47.43553,"aspis"
5281969154,9.296145,46.269954,"francisciredi"
5282020247,2.918573,46.106798,"aspis"
5282162429,5.7598,45.3514,"aspis"
5282318824,2.917543,46.106783,"aspis"
5282472398,7.369827,47.802195,"aspis"
5282585769,-1.405003,47.296185,"aspis"
5287935305,-2.872179,42.230317,"zinnikeri"
5288034366,2.45,41.8,"zinnikeri"
5291766381,2.776485,48.336987,"aspis"
5291787890,3.718814,43.696681,"aspis"
5291949848,0.258525,43.033499,"zinnikeri"
5292428883,5.251185,44.15877,"aspis"
5292449711,2.55795,48.283649,"aspis"
5292542048,7.207241,47.960642,"aspis"
5292692340,-0.060221,42.650042,"zinnikeri"
5292700470,2.664815,41.961977,"zinnikeri"
5292733489,2.786394,48.336593,"aspis"
5292733686,0.11404,42.609058,"zinnikeri"
5292738328,2.547889,48.23741,"aspis"
5292781080,2.481251,48.205115,"aspis"
5292857871,2.606821,48.384352,"aspis"
5292870842,2.488051,48.327908,"aspis"
5293086673,9.898463,44.582862,"francisciredi"
5293323590,2.529314,48.343554,"aspis"
5759502941,0.91325,42.712584,"zinnikeri"
5759665944,5.543624,45.058902,"aspis"
5759773380,7.306443,47.897574,"aspis"
5759782992,2.712538,48.269848,"aspis"
5759817848,-0.597147,42.344437,"zinnikeri"
5759841526,2.453094,41.804406,"zinnikeri"
5759993381,-1.780296,47.547057,"aspis"
5760147603,0.230739,47.881444,"aspis"
5760356131,3.072599,45.366651,"aspis"
5760428374,0.377572,47.939047,"aspis"
5760571286,3.158654,44.449819,"zinnikeri"
5760711308,8.473046,44.51622,"francisciredi"
5760889365,7.698084,45.821854,"francisciredi"
5827430378,5.826254,48.730641,"aspis"
5827482163,5.981751,48.645804,"aspis"
5827502643,12.670417,42.055667,NA
5827602345,5.986247,48.62711,"aspis"
5827613739,16.173497,39.925353,"hugyi"
5827629550,7.369887,45.601063,"francisciredi"
5827635027,5.487619,48.938873,"aspis"
5827969774,7.363967,45.603087,"francisciredi"
5828067976,5.443937,48.900366,"aspis"
5828084442,6.586739,45.363722,"francisciredi"
5828163495,7.179344,45.303502,"francisciredi"
5828197377,5.566721,44.058232,"aspis"
5828228855,5.509772,48.926082,"aspis"
5828231304,5.405711,48.880457,"aspis"
5828282935,5.415105,48.94866,"aspis"
5828360222,3.673863,43.676738,"aspis"
5828655740,5.925921,48.668369,"aspis"
5828708879,6.963545,44.719546,"francisciredi"
5828716428,13.988287,42.20015,"hugyi"
5828758492,6.816408,45.900333,"francisciredi"
5828783907,13.071614,43.274872,"francisciredi"
5828878526,3.674279,43.675937,"aspis"
5830408576,11.349115,45.658603,"francisciredi"
5830556151,5.580122,45.056338,"aspis"
5830671955,5.55923,48.82968,"aspis"
5830812250,5.55923,48.82968,"aspis"
5830872207,6.933195,44.603171,"francisciredi"
5832245983,-2.9,42.1,"zinnikeri"
5837683360,2.067447,42.448889,"zinnikeri"
5837783226,6.815484,44.734287,"francisciredi"
5837952724,10.85902,46.105725,"francisciredi"
5838025265,7.99786,46.293509,"francisciredi"
5839910260,8.257098,45.875378,"francisciredi"
5839969582,-0.707814,42.956436,"zinnikeri"
5840002169,7.189206,44.480309,"francisciredi"
5840193335,2.124394,42.60541,"zinnikeri"
5840193354,11.733113,43.570706,"francisciredi"
5840294556,2.124902,42.605499,"zinnikeri"
5840426366,11.261182,46.588014,"francisciredi"
5840802972,-1.5088,47.303837,"aspis"
5840985402,2.461345,46.20227,"aspis"
5844120413,-3.800313,42.73204,"aspis"
5844120449,7.283367,43.998946,"francisciredi"
5844143284,7.250449,44.158968,"francisciredi"
5844378702,8.206652,44.579467,"francisciredi"
5867954113,2.348072,48.481582,"aspis"
5867962627,13.035514,43.368282,"francisciredi"
5868028291,12.386665,43.540874,"francisciredi"
5868090256,8.308855,46.733948,"francisciredi"
5868090930,8.309404,46.700585,"francisciredi"
5868094335,1.947207,42.20739,"zinnikeri"
5868248116,5.040942,44.688458,"aspis"
5869016122,0.914376,42.714206,"zinnikeri"
5871915953,10.795329,46.601974,"francisciredi"
5872209315,11.09434,43.22885,"francisciredi"
5889600527,7.260097,47.943304,"aspis"
5889762572,6.735619,45.62406,"francisciredi"
5890112959,2.916379,46.110203,"aspis"
5890292485,2.916379,46.110203,"aspis"
5892617051,7.340396,45.588231,"francisciredi"
5892778613,5.99034,45.056354,"aspis"
5897321421,7.260198,47.942683,"aspis"
5897401513,7.080916,45.300219,"francisciredi"
5897605438,7.26023,47.943036,"aspis"
5897741916,-1.326143,46.003291,"aspis"
5908906633,7.885959,46.30236,"francisciredi"
5909011590,2.369852,48.486405,"aspis"
5909020942,5.290907,45.452094,"aspis"
5920174409,8.502097,44.56623,"francisciredi"
5935926067,9.074856,44.389237,"francisciredi"
6130449713,0.352018,42.817016,"zinnikeri"
6131585179,5.543963,44.503659,"aspis"
6131653320,4.930496,44.506184,"aspis"
6133125366,14.958442,37.823339,"hugyi"
6133391320,0.768372,42.608817,"zinnikeri"
6133475633,14.966922,37.831062,"hugyi"
6147416594,5.608073,46.5214,"aspis"
6147573909,-0.41501,42.80457,"zinnikeri"
6150418343,2.538921,48.361058,"aspis"
6150421094,2.663262,48.462121,"aspis"
6150477498,13.016487,42.065186,NA
6150603781,1.689128,47.221805,"aspis"
6150607053,0.27264,47.511364,"aspis"
6150685491,3.828503,47.500703,"aspis"
6150699616,5.55,48.82,"aspis"
6150715343,5.55,48.82,"aspis"
6150760677,2.462458,46.20248,"aspis"
6150796803,0.733972,47.327012,"aspis"
6150811050,-1.854489,46.610756,"aspis"
6150914732,2.470499,46.205473,"aspis"
6150991116,1.964362,42.649875,"zinnikeri"
6151095229,6.493902,44.397267,"francisciredi"
6151128322,-1.854485,46.610752,"aspis"
6151128337,2.469434,46.204817,"aspis"
6151282087,3.267463,43.990758,"zinnikeri"
6151302064,2.470577,46.205461,"aspis"
6151329029,6.797063,43.960688,"francisciredi"
6151376920,6.02,49.01,"aspis"
6151383794,1.305329,46.797621,"aspis"
6151407958,2.469442,46.204847,"aspis"
6151445018,6.448925,44.975113,"francisciredi"
6151463176,2.538921,48.361058,"aspis"
6151574441,14.686813,40.680645,"hugyi"
6151575017,3.454541,44.195508,"zinnikeri"
6151583765,-1.403326,47.093971,"aspis"
6151591342,-1.202738,44.47918,"zinnikeri"
6151632979,7.503705,45.905837,"francisciredi"
6151670786,2.461581,46.202039,"aspis"
6151773490,1.187362,46.71678,"aspis"
6151786536,2.853699,43.453667,"zinnikeri"
6151843010,2.469446,46.204866,"aspis"
6151843294,2.461467,46.20206,"aspis"
6151845321,2.461452,46.20203,"aspis"
6152049947,-0.15,42.65,"zinnikeri"
6152133598,2.528438,42.333317,"zinnikeri"
6152296940,3.915167,45.10016,"aspis"
6152369679,1.532797,42.622173,"zinnikeri"
6159227042,13.688367,42.450545,"hugyi"
6159265486,-0.384161,42.835633,"zinnikeri"
6159431953,13.567945,42.713256,"hugyi"
6159641281,3.756591,43.781363,"aspis"
6162906804,6.705304,46.55559,"francisciredi"
6169034695,2.366851,47.770903,"aspis"
6170865105,7.238903,47.876963,"aspis"
6170944610,6.704715,46.479646,"francisciredi"
6170966575,2.521755,48.376056,"aspis"
6171147244,-0.5179,42.799729,"zinnikeri"
6171306720,3.065074,45.929819,"aspis"
6171324069,5.27766,45.792331,"aspis"
6171365353,6.602423,45.729206,"francisciredi"
6178373303,3.065671,45.929919,"aspis"
6178475768,3.068499,45.907514,"aspis"
6178519960,2.470157,41.813956,"zinnikeri"
6178594308,3.065387,45.929873,"aspis"
6178696509,2.488061,41.794992,"zinnikeri"
6178799604,5.891564,46.121963,"aspis"
6178905099,3.642024,43.715359,"aspis"
6178951268,3.065454,45.929886,"aspis"
6178995024,2.494131,41.786492,"zinnikeri"
6179073966,6.782265,47.258538,"francisciredi"
6179100225,11.894131,43.919074,"francisciredi"
6179115306,2.464224,41.774289,"zinnikeri"
6179337195,3.065329,45.929863,"aspis"
6179408067,2.416547,41.679452,"zinnikeri"
6179530709,6.546709,44.926179,"francisciredi"
6182637167,-3.8,42.75,"aspis"
6185072735,-1.06571,45.362681,"aspis"
6185148846,10.836362,42.977249,NA
6185190257,0.124158,45.588417,"aspis"
6185321876,-1.237093,45.890446,"aspis"
6185337342,1.094392,47.792533,"aspis"
6185357860,5.904021,45.393997,"aspis"
6185734387,-0.9318,44.135445,"zinnikeri"
6185734982,5.932602,45.584207,"aspis"
6185815660,1.402996,45.019911,"aspis"
6185902369,3.155714,46.161127,"aspis"
6186677350,0.274713,47.511208,"aspis"
6188064849,0.363741,47.985254,"aspis"
6188095705,7.252396,47.87569,"aspis"
6188206306,-0.423602,42.84631,"zinnikeri"
6188244889,7.207736,47.852528,"aspis"
6188304726,3.394809,44.131603,"zinnikeri"
6188317444,7.25367,47.980725,"aspis"
6188435685,7.365015,47.958621,"aspis"
6188489057,11.003687,45.602218,"francisciredi"
6188535002,7.228657,47.948378,"aspis"
6188625785,0.306606,47.812193,"aspis"
6188678223,7.387038,47.931383,"aspis"
6195230845,3.525138,48.377152,"aspis"
6195314480,4.814523,47.574535,"aspis"
6195322600,6.182104,46.131003,"aspis"
6195356483,7.961997,45.081001,"francisciredi"
6195386758,12.077509,43.025978,NA
6195409393,6.051541,46.096258,"aspis"
6195422718,8.631158,46.243403,"francisciredi"
6195484550,8.914432,46.352958,"francisciredi"
6195572877,0.378228,42.951994,"zinnikeri"
6195658888,-1.521015,47.280087,"aspis"
6195782708,-1.521248,47.279989,"aspis"
6234181176,2.366067,48.489908,"aspis"
6234230182,6.643075,45.008565,"francisciredi"
6234353145,8.95879,45.556092,"francisciredi"
6234616764,7.260351,47.943312,"aspis"
6234751052,6.460889,45.068995,"francisciredi"
6234864496,2.524153,48.384139,"aspis"
6234880421,7.260472,47.943301,"aspis"
6234892325,5.443233,45.012047,"aspis"
6234907488,-3.765108,42.779042,"aspis"
6235030652,5.6698,45.931839,"aspis"
6235121952,6.587916,45.079459,"francisciredi"
6235182232,-1.967578,48.557458,"aspis"
6235408478,6.708079,45.093955,"francisciredi"
6235411399,-3.765087,42.779092,"aspis"
6235460694,2.177581,46.759605,"aspis"
6235513557,10.380723,45.069341,"francisciredi"
6235579575,7.260309,47.943296,"aspis"
6235585714,2.891958,44.534765,"zinnikeri"
6235642139,10.732703,45.74172,"francisciredi"
6235750389,5.891564,46.121963,"aspis"
6235761670,10.997341,45.597544,"francisciredi"
6235797935,7.253748,47.945406,"aspis"
6235877000,10.732703,45.74172,"francisciredi"
6235908533,8.821165,45.420974,"francisciredi"
6236076791,5.48676,45.09061,"aspis"
6236097703,6.99635,45.201837,"francisciredi"
6236346548,1.84823,42.34268,"zinnikeri"
6236390321,3.069949,45.930007,"aspis"
6236404521,6.545012,44.205392,"francisciredi"
6251443165,2.744978,48.335458,"aspis"
6251465577,5.841038,45.30978,"aspis"
6251598917,0.088997,42.891625,"zinnikeri"
6251616190,4.345113,44.22382,"aspis"
6251619169,-0.839615,44.903206,"aspis"
6251891778,-0.836806,45.132375,"aspis"
6251936468,7.120583,45.04599,"francisciredi"
6252130132,5.515714,45.936009,"aspis"
6252288414,3.025825,43.886414,"zinnikeri"
6252290108,3.083811,45.923848,"aspis"
6252568150,7.255049,47.94017,"aspis"
6252581968,7.255049,47.94017,"aspis"
6252809930,-0.949299,45.091114,"aspis"
6253328452,6.672951,47.398139,"francisciredi"
6273175458,8.747717,44.693652,"francisciredi"
6273453639,12.449564,41.725089,NA
6273465773,8.819609,44.5538,"francisciredi"
6273502996,8.773703,44.598017,"francisciredi"
6273792940,2.939126,45.575355,"aspis"
6274200050,1.756931,47.352171,"aspis"
6274241327,5.330469,44.037206,"aspis"
6320290702,6.120186,49.121,"aspis"
6320615859,3.932564,43.870365,"aspis"
6320680776,10.588773,43.078652,NA
6321158885,10.983508,43.082656,NA
6334138526,2.573807,48.396386,"aspis"
6334242638,16.046069,39.904912,"hugyi"
6334357764,-1.591565,47.238534,"aspis"
6334462444,7.88451,44.330113,"francisciredi"
6334496047,2.168357,42.305749,"zinnikeri"
6334684388,-0.445259,44.696446,"zinnikeri"
6334696681,7.401722,45.237055,"francisciredi"
6334817920,10.887173,45.788855,"francisciredi"
6334934500,10.4066,42.828956,NA
6334958980,-0.562748,44.633171,"zinnikeri"
6334971749,-0.517033,44.653519,"zinnikeri"
6334992473,-1.443208,47.344674,"aspis"
6341988712,2.573029,48.39542,"aspis"
6342697031,8.497609,46.033057,"francisciredi"
6342744020,8.779762,44.627886,"francisciredi"
6342808060,1.050221,46.742073,"aspis"
6343011719,13.12,45.78,"francisciredi"
6344092706,1.310295,46.79252,"aspis"
6344617469,6.75899,44.24685,"francisciredi"
6344765519,5.489263,48.492933,"aspis"
6344805757,1.310276,46.792492,"aspis"
6352276902,-0.879188,44.488278,"zinnikeri"
6352513364,10.39602,44.037535,"francisciredi"
6352522121,11.325325,46.483113,"francisciredi"
6352639775,9.095514,46.056594,"francisciredi"
6352742825,-1.571293,47.002572,"aspis"
6353000061,7.664407,44.201338,"francisciredi"
6353051050,12.69328,42.312022,NA
6353314980,0.897062,42.99544,"zinnikeri"
6398585453,-1.583336,47.354216,"aspis"
6398675987,1.29602,46.945913,"aspis"
6398757732,-0.385053,42.87465,"zinnikeri"
6398974624,1.756931,47.352171,"aspis"
6399063327,10.573161,46.60583,"francisciredi"
6399221481,-0.641347,42.837364,"zinnikeri"
6399424749,-0.532862,44.605971,"zinnikeri"
6399567350,2.917062,46.106189,"aspis"
6399817428,5.338547,45.700952,"aspis"
6399931787,12.116375,42.119378,NA
6399994806,1.756931,47.352171,"aspis"
6400030496,1.756931,47.352171,"aspis"
6400049430,5.99182,48.743828,"aspis"
6400166168,-1.560847,47.005236,"aspis"
6400482365,5.073614,46.731345,"aspis"
6400746492,14.375587,41.358363,"hugyi"
6410933648,2.366378,44.641797,"zinnikeri"
6411598758,-1.95,42.9,"zinnikeri"
6411985641,-0.514639,42.768946,"zinnikeri"
6412021359,-0.35,42.65,"zinnikeri"
6412312593,0.65,42.65,"zinnikeri"
6413044513,5.535047,45.059614,"aspis"
6413242645,1.756931,47.352171,"aspis"
6413443599,7.461732,45.789102,"francisciredi"
6413550683,5.535047,45.059614,"aspis"
6413577559,11.699143,45.299973,"francisciredi"
6413911031,1.756931,47.352171,"aspis"
6413996436,7.096092,47.103362,"francisciredi"
6414056077,1.756931,47.352171,"aspis"
6422059439,5.954787,48.644918,"aspis"
6422251960,12.575708,42.252995,NA
6422255577,12.57581,42.253096,NA
6422407459,7.502754,43.872347,"francisciredi"
6422455074,4.90563,44.266423,"aspis"
6422470594,6.033928,49.015336,"aspis"
6422554762,12.575063,42.252747,NA
6422565855,14.968498,37.695799,"hugyi"
6422802823,1.074768,42.723259,"zinnikeri"
6431295881,3.121642,45.588829,"aspis"
6431333924,-1.610771,46.545794,"aspis"
6431391799,7.39495,45.637341,"francisciredi"
6431493793,6.866958,45.774143,"francisciredi"
6431558628,1.756931,47.352171,"aspis"
6431837997,1.756931,47.352171,"aspis"
6431851511,1.756931,47.352171,"aspis"
6431922663,2.989998,45.667589,"aspis"
6440945215,10.580605,44.162497,"francisciredi"
6441116454,2.473692,41.739116,"zinnikeri"
6441610840,10.595033,43.327,"francisciredi"
6441652866,2.547693,42.039366,"zinnikeri"
6441693458,5.339653,44.141918,"aspis"
6441862393,7.132313,46.55314,"francisciredi"
6441894479,0.903106,42.988133,"zinnikeri"
6447681668,0.95,42.55,"zinnikeri"
6451804537,6.646151,44.643822,"francisciredi"
6451956806,-0.857248,42.989196,"zinnikeri"
6452306624,1.756931,47.352171,"aspis"
6452627687,8.271445,45.932368,"francisciredi"
6469684531,1.756931,47.352171,"aspis"
6469699327,1.756931,47.352171,"aspis"
6469741057,2.355253,42.3574,"zinnikeri"
6469749644,1.756931,47.352171,"aspis"
6469767597,1.675985,47.080539,"aspis"
6469774760,12.57524,42.253498,NA
6469796534,1.756931,47.352171,"aspis"
6469892414,1.756931,47.352171,"aspis"
6469901836,1.756931,47.352171,"aspis"
6469971005,6.465572,44.902077,"francisciredi"
6470036332,1.756931,47.352171,"aspis"
6470201613,1.756931,47.352171,"aspis"
6470205575,1.756931,47.352171,"aspis"
6470210985,1.756931,47.352171,"aspis"
6470225142,1.756931,47.352171,"aspis"
6470433551,1.756931,47.352171,"aspis"
6470455089,1.756931,47.352171,"aspis"
6470472845,1.756931,47.352171,"aspis"
6470515351,8.38741,47.746317,NA
6470534019,1.756931,47.352171,"aspis"
6470646682,2.007653,42.554329,"zinnikeri"
6479275112,5.542674,44.723911,"aspis"
6479295416,1.756931,47.352171,"aspis"
6479518605,0.924012,42.556596,"zinnikeri"
6479524318,2.374594,48.397006,"aspis"
6479617341,7.414052,46.632111,"francisciredi"
6479768267,1.756931,47.352171,"aspis"
6479815934,1.756931,47.352171,"aspis"
6480440933,7.114246,46.52011,"francisciredi"
6480525879,2.127824,42.603981,"zinnikeri"
6480641734,7.140437,44.837339,"francisciredi"
6480710101,1.756931,47.352171,"aspis"
6480721884,5.772665,44.689863,"aspis"
6480873455,1.756931,47.352171,"aspis"
6480966706,1.756931,47.352171,"aspis"
6480995342,1.756931,47.352171,"aspis"
6481057643,1.756931,47.352171,"aspis"
6481107839,2.291528,48.394628,"aspis"
6481112892,0.897932,42.560588,"zinnikeri"
6481196532,6.850238,45.937728,"francisciredi"
6481302915,1.756931,47.352171,"aspis"
6481374667,6.781868,44.641955,"francisciredi"
6481411867,4.459798,45.070779,"aspis"
6487473381,7.687057,45.810153,"francisciredi"
